; COE file for fc1_weight_q12
; Generated by Python h_to_coe_converter.py
memory_initialization_radix=16;
memory_initialization_vector=
fed3,
022c,
000e,
00f1,
01e2,
0278,
ffdc,
fe9a,
ff72,
0057,
feef,
0064,
ffc3,
0163,
0046,
02ea,
0166,
ffbf,
feff,
fef7,
0029,
fffe,
0268,
05f3,
0001,
ff1c,
00ef,
ffff,
fe63,
0155,
00ea,
0065,
ffcd,
ffcb,
005e,
ff30,
019b,
feb7,
fe5f,
004c,
0145,
fe3c,
0134,
0174,
fcf7,
fd29,
ff59,
ffc1,
ff5c,
fe3e,
ffed,
ffbc,
ff9c,
fefa,
feac,
00c8,
fc7b,
fe5c,
fecc,
ffba,
00c1,
0104,
00b6,
fe7d,
ff75,
fcaf,
fc91,
000b,
00c4,
01d9,
0021,
fe1f,
0146,
ff5f,
ffbe,
ff73,
01db,
ff03,
fe71,
00e4,
ff33,
fd51,
feab,
ffa8,
fd86,
fcc0,
fec8,
ff1e,
ff9d,
009d,
fff1,
00c2,
023c,
0006,
feab,
00b5,
013f,
015b,
ff61,
0042,
0218,
00e6,
01b2,
0427,
ff04,
0028,
02e5,
013c,
00ed,
fec8,
febe,
0027,
ffdb,
011d,
0298,
fff5,
0262,
0421,
01a6,
01d4,
00b3,
00e2,
ff65,
0032,
febe,
ffa9,
0109,
ff6e,
02dc,
0020,
018b,
ff84,
02ba,
ff5f,
ffa5,
0046,
032f,
020f,
01be,
0174,
fe12,
febb,
ff78,
ffc4,
00a6,
ffb0,
ffde,
00cb,
ff4a,
0190,
0311,
043b,
fe7f,
01e8,
febb,
ff48,
ff05,
0023,
00ec,
00b8,
fe20,
fff5,
0104,
02e8,
fffe,
012e,
fecd,
fdc4,
feea,
0041,
ff90,
fed0,
00c2,
ffa4,
0088,
ff98,
016d,
001b,
00fc,
002a,
0186,
01b3,
01b0,
008a,
fe75,
007a,
ff5b,
fff7,
fee4,
01be,
ff95,
01ad,
01c9,
0049,
008d,
ffbb,
fedc,
ff82,
0117,
fd16,
ff5a,
00c1,
ffa0,
00ad,
00f9,
01e5,
00cb,
004b,
0285,
ff71,
feb9,
ff8a,
0218,
0026,
01ae,
fded,
ff44,
fd50,
009a,
fe44,
ff67,
00b7,
ffa0,
feac,
0258,
00fb,
003e,
fdfa,
0092,
0054,
033e,
00e0,
fde0,
fd87,
ffb5,
0054,
0031,
013c,
0012,
ffbb,
00ea,
0018,
012c,
0172,
ff4d,
026f,
029d,
01b0,
0011,
0045,
ffb4,
0014,
fde3,
ff0d,
01d8,
0180,
00f2,
fffc,
ffaf,
fe86,
02ed,
03ca,
ffdd,
fdc7,
fb37,
0023,
0002,
ff97,
fbc3,
fc28,
ff56,
016c,
0093,
ffd3,
ff5b,
ff02,
ff87,
0085,
0205,
020c,
0232,
02c9,
01f1,
fff1,
0246,
ff96,
fff0,
ffb9,
004e,
fef2,
ff50,
ff6f,
0109,
ff40,
ff6d,
fb7c,
003f,
fb21,
014b,
fec7,
f78f,
fe64,
0178,
fd15,
ff25,
ff4a,
fe7e,
fe17,
fee6,
ffbe,
ff50,
00cd,
f8ca,
fe7b,
ffc9,
003f,
00f2,
00b5,
ff06,
00c5,
fe71,
00ba,
00c6,
013f,
ff78,
04c5,
fe77,
ffa7,
030f,
ffe3,
ffa1,
f93a,
ffcf,
fe47,
00d9,
01d2,
ff98,
0062,
01b0,
015c,
ff29,
016a,
00f0,
01aa,
0140,
011e,
0012,
fef8,
01d6,
fef4,
fe89,
00f5,
ffb6,
fe82,
0062,
004a,
00f6,
ffc6,
0098,
0087,
ff90,
fe2d,
ff83,
001b,
01bf,
ffee,
ff6b,
fec1,
01cc,
018f,
0105,
fdf7,
fec6,
002c,
fd64,
0144,
0078,
fd09,
fe58,
fea5,
018b,
007a,
ff14,
006a,
fe09,
fe2a,
ff8e,
0187,
007e,
fe0f,
fded,
ff69,
ff00,
fcbb,
fefc,
018e,
fc5e,
fcf0,
ff66,
fcdd,
fdf3,
fdfc,
00d0,
007a,
ff47,
01d5,
0136,
0367,
02c6,
0040,
007c,
0145,
0078,
ffd2,
0060,
fed4,
016e,
0174,
ff71,
01ba,
ff5f,
020a,
fe05,
fefa,
0144,
02e2,
0056,
fd3e,
00b1,
0110,
ffd1,
00e2,
01ed,
fdcd,
fdec,
febe,
027a,
0175,
01e3,
ff53,
fdf3,
0062,
fe68,
ff18,
0084,
fec0,
006b,
ff9e,
ffcc,
0052,
fd98,
00fa,
feb1,
003e,
febd,
001c,
00be,
014a,
009a,
febe,
03b2,
04af,
fe94,
ff6f,
0167,
ff23,
0236,
00b3,
02cb,
0086,
0127,
0206,
fca1,
fedf,
00d9,
0000,
ffdd,
ff42,
ffe3,
febd,
ffef,
00ee,
00f3,
0185,
fe21,
011d,
0159,
009c,
fa7e,
fe49,
001a,
ffbb,
02b2,
023e,
002f,
fd05,
fc0a,
fba8,
ffc5,
fff9,
fe8c,
0213,
0188,
ff5a,
0033,
060b,
fefc,
ff4a,
004f,
ff7e,
0171,
00de,
fe49,
00fa,
00b8,
ff92,
fdc0,
fdaf,
00c3,
00ff,
02d4,
ff7f,
010f,
ffb0,
00e8,
ffaa,
00ab,
0103,
ff55,
ff65,
fd83,
fe97,
ff21,
0032,
ff4c,
fd80,
feb6,
ff70,
fe67,
feb0,
0174,
025b,
ff50,
00a4,
fea9,
ff88,
0038,
ffdc,
0214,
01b7,
002d,
fffe,
02c3,
00e7,
00d9,
00b4,
018e,
013f,
ff0e,
fd81,
001f,
034a,
044b,
fd6e,
fd1d,
fd03,
0079,
fddb,
ff89,
fe1c,
0075,
fefe,
fef4,
ff6b,
ff6a,
fe96,
01d8,
008c,
05b9,
02e6,
feb6,
ff39,
fea5,
01c3,
fdcc,
fec2,
fdcf,
00fa,
fe28,
036c,
00b1,
ffe0,
fea0,
fd21,
fb9b,
fcbf,
fbcb,
fe23,
fe34,
fe7c,
fd93,
fe1c,
fcfb,
016b,
fe7f,
0148,
000e,
ff87,
ffa6,
ffb9,
fdfe,
fba1,
ff8b,
ffbc,
00c6,
fe0d,
fd3c,
ff40,
fe34,
012c,
00e5,
0126,
022f,
01ac,
fec2,
01a3,
0014,
0105,
ffac,
ff17,
0013,
ffaa,
00d4,
ffff,
0068,
01f1,
00c1,
00d6,
00e5,
01ff,
025b,
01fc,
fec5,
fea4,
0182,
0086,
fe19,
fd13,
0063,
01fd,
012c,
ffbd,
fd69,
011c,
022a,
0198,
001d,
ffc3,
fd38,
fe40,
feca,
ff47,
fed9,
fc9b,
fa38,
fe87,
fdaa,
febb,
0252,
03aa,
00e2,
0158,
0365,
0032,
019d,
023d,
ffb2,
00c2,
00f1,
0004,
fda9,
002e,
ff20,
ffae,
fee1,
008c,
ff9e,
ff2a,
fdef,
feb9,
fef3,
00c5,
fd4a,
fec1,
ffd7,
fe7b,
00ce,
fdcf,
0065,
017c,
0303,
0384,
0289,
005a,
0050,
ff7a,
0225,
ff5a,
fe6d,
fda9,
00db,
0062,
0077,
fd6c,
006e,
009d,
fef7,
fe28,
fdc5,
014f,
fed1,
019d,
0108,
fdff,
fd85,
00ac,
fed4,
fd08,
fceb,
fecb,
0203,
0012,
0167,
007a,
00bd,
0369,
fd52,
005c,
fff5,
fd96,
fee6,
00f3,
0029,
fd77,
ffa3,
ff30,
014b,
0092,
007d,
019a,
fe39,
01b1,
03cc,
0228,
0006,
0032,
ff77,
fecf,
ff01,
ffd1,
feec,
fdc5,
feff,
fef0,
0270,
00be,
00f6,
ffb6,
fd00,
008e,
009b,
015e,
ff6b,
0041,
ff32,
fe70,
0240,
00f0,
fe9e,
ff4d,
ffb9,
ff4a,
ffc9,
0093,
fffa,
0005,
0004,
00e2,
fe26,
ff3c,
0152,
020f,
feb8,
00e1,
002a,
ffde,
fef0,
0040,
01bd,
0145,
fffe,
ff26,
fe46,
fe23,
ff24,
feae,
fe65,
ff1e,
ff06,
fe87,
0068,
ffd0,
ff7f,
ffa6,
00b4,
fd02,
fd19,
fd9d,
fe95,
0052,
00ec,
ff6b,
0029,
ffed,
fc39,
fde1,
fde9,
fe1b,
fd9e,
ff90,
0340,
fe99,
ffbd,
fce5,
fe12,
ff55,
ff4f,
fefb,
000a,
fdf3,
002e,
ffd6,
febd,
ffe4,
0262,
00a5,
004f,
fd6b,
007a,
fe1b,
ff2d,
ff77,
007b,
fd58,
0088,
fec9,
ff4a,
0025,
00ce,
016c,
0197,
feec,
ff83,
005e,
ff8d,
ffec,
00c7,
0010,
015e,
ffe2,
ffbe,
ffb1,
ffee,
0041,
0225,
feab,
fece,
fe9c,
0093,
0157,
ff3d,
0120,
00d9,
fe99,
0022,
02a8,
004b,
fee4,
ff9c,
fe9d,
00c0,
00ef,
002f,
fecf,
ff09,
ffae,
ff08,
001e,
ff77,
ffa4,
ff9f,
ff9a,
01e1,
0171,
0228,
01e8,
ffd7,
ff40,
fedb,
ff72,
018e,
0020,
fe3f,
ff8a,
fff1,
ff8c,
fcb6,
ff7d,
00b7,
001a,
ff67,
00f7,
0012,
feda,
ffec,
ffab,
ff06,
0015,
fc65,
fd89,
0023,
0243,
fe8b,
fe32,
ff9d,
0009,
ff65,
fdb9,
fe7a,
0188,
00c4,
001f,
0100,
fe66,
ff33,
ff36,
fecb,
008c,
001b,
0020,
fe69,
ff5c,
ff41,
fe90,
ff00,
fea1,
ffd0,
fee8,
ff5d,
01e1,
014b,
ff71,
00de,
ff23,
ffe1,
0077,
0089,
fee3,
ff33,
015e,
ff1a,
ff5e,
01c0,
02a6,
00ce,
fff7,
0074,
0032,
fd7d,
ff9e,
00ff,
0089,
ffe6,
fdd5,
ff1d,
ff16,
006f,
fdfb,
fe59,
ffff,
0275,
0007,
ffef,
feaa,
fdfc,
ff8a,
fee7,
00a4,
0080,
ffb1,
fdb9,
ffed,
00fd,
fff0,
ff75,
0125,
0090,
018b,
0087,
ffcd,
0135,
0172,
feff,
ffe8,
02b4,
0101,
ff0e,
0231,
ff2b,
ffb0,
0168,
fdbe,
00a3,
0189,
02df,
00b3,
ff84,
ffd5,
0352,
fe0f,
0141,
023b,
ff44,
fec4,
fe1d,
ffed,
fd5d,
fea5,
fe83,
fda4,
fe9f,
ff79,
ffcf,
fbe5,
ffea,
fd78,
fb2e,
fee1,
012d,
ff8c,
ff43,
0046,
ff66,
009c,
fdc2,
fddb,
ffec,
ff4e,
0141,
0223,
fd4a,
fce0,
fd96,
002b,
fe91,
fec3,
feb3,
fbe0,
00f8,
ff09,
fc27,
0202,
ff9d,
012c,
0066,
fe3b,
015a,
00b8,
ff14,
feb6,
034e,
0135,
fbf4,
ff11,
fff0,
fe23,
0183,
0057,
ff47,
fde7,
0112,
00e0,
005b,
ffc4,
0161,
0236,
fe30,
0100,
0373,
ffaf,
ffe3,
0130,
02bb,
ff74,
ff9d,
ffc4,
fae4,
febf,
02bf,
fece,
ffe5,
02b0,
0012,
ff72,
0190,
0192,
ff8a,
00c3,
ffaf,
01f2,
0045,
fff2,
ff3e,
0016,
00a8,
0062,
ffa5,
ff06,
fec3,
fbbc,
fdf4,
fe04,
fd31,
fd0d,
fea6,
fd4f,
0119,
002c,
022b,
01a7,
0071,
fe57,
ff57,
0054,
fd1e,
fd91,
005b,
fd00,
fe94,
fe82,
ff3d,
fd15,
00e1,
ff12,
ffc5,
00ac,
ff97,
0001,
0108,
ffee,
fe6f,
fdc6,
00cb,
ff0a,
fdf5,
fd24,
fe8d,
fecb,
0079,
ff9e,
fd22,
ff0b,
0169,
fe8f,
fda1,
fe51,
00b9,
fdff,
009d,
0069,
fd9a,
ff31,
feff,
012d,
ff9f,
00e9,
fd74,
feac,
ff78,
fe18,
ffc6,
fddd,
fee9,
fdf4,
0132,
ffa9,
ffbb,
fe4e,
00f0,
ff8a,
ffa8,
ff88,
000a,
ffd5,
0126,
fe81,
fe89,
0196,
ff18,
fdfd,
00ad,
0127,
fe8f,
fa69,
fe8e,
fc87,
fdc0,
0037,
ffc1,
ff4c,
0186,
018f,
fdf8,
013e,
0047,
ff12,
fe13,
ff11,
fdf9,
fdd3,
ff40,
00ea,
ffa3,
00d2,
0344,
00e2,
fe66,
0076,
022c,
0104,
0036,
feba,
ff39,
ff50,
fce9,
feea,
fd55,
fc52,
ff8d,
0097,
038c,
0116,
00b3,
00e6,
0313,
ff76,
0008,
0044,
fd75,
fd8c,
fe1a,
fe1d,
fe3e,
febb,
0049,
01a7,
fe75,
fc56,
01cc,
00ea,
fe38,
0097,
0102,
fe61,
0193,
02e9,
0215,
031c,
ff1f,
015d,
0357,
0066,
0061,
ff29,
ff58,
ffae,
0143,
ff16,
0083,
010a,
036f,
005e,
0088,
ffc9,
0112,
027e,
ff39,
0128,
0007,
fe50,
010a,
01f6,
ff11,
fec2,
0279,
0005,
ffb4,
01a6,
01bd,
0098,
00ca,
02d3,
01d2,
00a6,
fd62,
fd88,
03a1,
012f,
011d,
0095,
00b6,
ff56,
0121,
01c6,
0215,
0041,
01d0,
001c,
016c,
ff07,
0437,
0098,
fd5b,
fba5,
ff36,
017b,
ff63,
fd50,
0060,
ff23,
0085,
0007,
ff3d,
0051,
fffb,
0233,
0522,
0410,
ffe5,
0014,
027b,
fd59,
ffb7,
002c,
fe78,
fe00,
ff11,
03a6,
0189,
00f6,
fc34,
ff8e,
fff6,
013c,
fe8d,
ff7d,
000b,
0370,
004f,
fef2,
0228,
0045,
ff4b,
001e,
ff12,
0196,
feac,
ffcb,
feee,
fd5a,
ff0a,
006c,
fedd,
fe0a,
00a4,
0185,
ffb4,
0378,
0140,
ff6a,
017a,
03ff,
01f1,
013c,
ff54,
fdc9,
0055,
01f7,
014b,
0056,
00b9,
0018,
00b0,
03bb,
0117,
ffaa,
fefb,
fed9,
01b7,
01fc,
00d4,
fb93,
0207,
00bf,
ffe1,
fd3f,
0171,
01c1,
0101,
02a7,
0076,
011a,
0150,
033f,
00c1,
0161,
0162,
014a,
feae,
ff4b,
ffa1,
fe9b,
0148,
014f,
ffc8,
0159,
0164,
0216,
0014,
0117,
ffcb,
032b,
0322,
0319,
fdf4,
feed,
0197,
0108,
fc02,
008a,
ffd6,
ff9c,
fbb6,
028a,
fe41,
ffd7,
0236,
012c,
00d3,
fe7c,
ff22,
0053,
0108,
ff3f,
0202,
00f5,
01b5,
01be,
003a,
01a8,
0003,
ffe8,
fb9a,
fc0f,
0056,
02d4,
fce2,
fd51,
00ef,
0281,
018e,
fef2,
00cf,
ff88,
fe5e,
fe62,
0130,
02c4,
ff3c,
ff27,
00e7,
00b6,
ff15,
fdb5,
fed2,
00d2,
fe07,
fddb,
01ef,
0204,
ffa3,
ff37,
ff6f,
029d,
fe00,
fc16,
fd4d,
0071,
fd9b,
fed9,
0150,
feb2,
007d,
ff5d,
fffb,
00e6,
0125,
021a,
ffd6,
ffea,
0393,
02b4,
003d,
0010,
0203,
ff12,
fe57,
fdfd,
ff1e,
007b,
0052,
ff8a,
fde7,
fd28,
009b,
ff29,
fdb1,
fd4f,
ff6d,
fef0,
024f,
0193,
ffa9,
00ff,
008d,
01be,
01e0,
fecd,
fcbc,
ffbd,
000c,
ff80,
fd70,
0056,
feb6,
fd41,
0047,
0056,
ffdb,
ff7e,
0182,
0151,
fe65,
fe67,
0087,
0290,
fe80,
ff33,
0005,
ff36,
0162,
0265,
ff45,
00aa,
027b,
0144,
fef7,
fcf1,
0050,
000f,
ff03,
ff04,
0081,
fcef,
0036,
0262,
0154,
0080,
ff53,
0105,
ff36,
feb2,
fdfc,
00db,
0070,
ff5d,
fd6e,
025c,
ffb2,
ff8a,
00fa,
0161,
00fd,
000b,
fde5,
0128,
01e2,
0158,
02c1,
01b9,
ff37,
01ff,
0213,
ffd9,
fee0,
01aa,
026e,
0145,
fe63,
000f,
fe0c,
01bb,
0265,
00d6,
00c1,
019f,
02d4,
fdd7,
02db,
0012,
fda5,
ffb2,
feac,
010b,
ffe6,
01ab,
ffdc,
feff,
ffec,
0187,
feee,
fffc,
00b1,
fe0d,
ffd0,
ffca,
0051,
0002,
02be,
00a6,
fffa,
0206,
00f8,
012f,
fdd0,
ff63,
ff76,
ff2c,
ff94,
0095,
fec2,
ffbc,
fec2,
013f,
00a3,
0190,
0182,
0187,
0075,
fe4f,
0075,
00a4,
fe6e,
fc21,
ff15,
01a2,
fd80,
ff93,
0011,
ff23,
01bf,
ff8b,
004d,
0094,
fda7,
fee3,
ff48,
fe8d,
0064,
0100,
015b,
000a,
ff9b,
ffa9,
fea3,
005a,
00c7,
ffec,
ff86,
fe89,
ffd3,
ffe3,
00a9,
01ba,
0182,
002a,
fea4,
ffde,
0284,
00a0,
fe2d,
fd37,
00a9,
fd90,
fe7b,
00c5,
00d3,
ff98,
fed1,
008c,
feba,
0031,
0102,
015b,
fdc0,
ff96,
020f,
ff6c,
032e,
00e9,
ff71,
ff53,
010c,
fe9b,
ff35,
ffaa,
01f6,
0010,
ff24,
fd6a,
0094,
019e,
fee1,
fb13,
fe79,
fe6e,
ff77,
fe5b,
00bb,
fe54,
fef6,
fde0,
0011,
fea1,
00d8,
ffbf,
0109,
00a8,
0073,
ff03,
000b,
009e,
013d,
fe34,
0206,
0085,
fd17,
fc8e,
ffd1,
fe25,
ffbc,
ff4a,
0048,
0327,
0028,
ff0d,
fd91,
ffda,
fd64,
fd85,
fece,
ffe5,
feaf,
0009,
fe88,
0124,
fef8,
fe30,
00ae,
008c,
fff4,
00f1,
fe1c,
ffc3,
011e,
021a,
00f9,
002b,
feff,
ff64,
ffbc,
0104,
00ea,
0223,
fe01,
fe0f,
ff1d,
0018,
ff3a,
009e,
fecc,
fd71,
00ad,
fe2c,
ff39,
fea2,
ff49,
00f4,
ff8c,
ff45,
fe7b,
fd44,
ffa4,
0121,
ffcb,
fea6,
fe4c,
ff30,
fcf6,
fdc3,
fea5,
ff9a,
fbef,
f9b3,
fe60,
feac,
fb7f,
fe45,
fe6e,
fd6a,
fe26,
fd56,
fd65,
00bd,
0054,
00e8,
ff42,
0010,
ff68,
01b6,
0134,
00d4,
023d,
0132,
ff83,
ffd5,
fd9b,
0184,
fe0a,
fe5a,
0012,
0082,
025a,
0014,
0236,
ff0b,
0096,
fe5c,
015d,
0079,
fea4,
02e3,
ffa2,
ff15,
fd79,
ffc5,
ff1a,
00c2,
fefa,
ff6b,
0019,
018c,
ff79,
fef4,
ffee,
fe7a,
ff19,
ff9c,
ff68,
0096,
0213,
0059,
008f,
feb0,
fe53,
00d7,
fe61,
feb6,
ff6d,
ff75,
fe26,
fdd4,
fc6c,
fdbf,
0078,
ffbc,
ff59,
0041,
013b,
0056,
004a,
01ba,
005d,
fbef,
ffde,
0049,
fe63,
fef7,
00ab,
fe09,
0037,
00d9,
00df,
fde8,
01a5,
fe5f,
ff24,
ff04,
feba,
fc45,
fdf2,
0013,
fd0e,
fde1,
fed3,
ff3f,
0170,
01a6,
ff88,
ffc4,
0000,
fd04,
ffa1,
fec7,
ff7e,
fdff,
fec5,
ff00,
fe0e,
fe2b,
007d,
020a,
fe8d,
fec8,
ff9f,
fe8f,
ffee,
ffec,
000a,
ff67,
0188,
0098,
fecf,
fd53,
0167,
020d,
feab,
00df,
ffe8,
ffa6,
0122,
ff8d,
ff3d,
fdf1,
ff85,
012a,
fda3,
fcc6,
01fe,
ff6f,
fd86,
fe79,
0140,
020b,
fffd,
00aa,
00de,
0091,
0173,
01d7,
0146,
01e2,
ff88,
0089,
ffb1,
ffc3,
01c2,
01f3,
fef9,
fd91,
018e,
fea5,
fea2,
01d6,
0086,
ffba,
00f9,
0189,
ff89,
fecc,
00a3,
fea8,
001e,
01ed,
021c,
0007,
0187,
fe4a,
0124,
001d,
fff9,
003f,
fef8,
ff9d,
ffa6,
ff3c,
ffd3,
007e,
ffa9,
01bc,
0027,
fe49,
00c4,
0085,
ffd8,
ffb5,
ff8d,
0062,
01a5,
ff93,
ff3e,
01fd,
fd8e,
0143,
ff4d,
fecc,
02ea,
04e2,
ff53,
0059,
ff15,
fe76,
003e,
00d6,
ffa2,
ff66,
ff16,
005a,
ffc9,
ff23,
ff10,
0063,
0042,
008b,
ff04,
ffc4,
ffc7,
006c,
ff78,
fe80,
fff6,
00b0,
00c5,
ff3a,
ff85,
ff1a,
0046,
ffac,
0026,
ffe6,
feb4,
ff44,
ff8e,
feed,
ffae,
fff0,
fed6,
ff58,
0020,
fe8c,
0001,
0035,
ff15,
0050,
0035,
fed6,
ffb5,
ff20,
00d3,
fee6,
ff67,
fea7,
fedb,
003e,
0025,
ff2a,
fec8,
0081,
00be,
0073,
ff62,
feef,
ff7a,
0022,
ff79,
00f2,
ff10,
feb0,
feb2,
ff99,
fee8,
00de,
ffd0,
0025,
0046,
0055,
002d,
0018,
ff32,
ff23,
ff4d,
ff39,
0015,
ffee,
ff48,
ff47,
ff82,
ff53,
0099,
00b2,
ffef,
ff4b,
0010,
002f,
ffbd,
fea4,
0007,
0036,
0006,
ff68,
ffb5,
0062,
fec6,
fe9a,
00b3,
fff7,
fe86,
feb4,
003b,
ff86,
fe7f,
0018,
ff5e,
00b5,
ff50,
fff5,
ff40,
ffd9,
fefe,
feeb,
001f,
ff61,
ff66,
fefa,
feff,
fe9e,
ff8f,
006b,
005b,
0002,
0013,
fffc,
ff78,
fe9c,
ff00,
ffe3,
ff08,
0021,
0018,
ff5c,
ff1a,
003c,
0022,
fede,
0027,
ffe2,
ffc0,
ff07,
fee6,
ffde,
fee1,
009a,
ff0f,
0031,
feaf,
fffc,
ff96,
ffdb,
0050,
ff19,
ff20,
ff39,
feba,
fed7,
00b5,
ff71,
fecf,
ff32,
fefe,
ff01,
ffdb,
ffcf,
004e,
0003,
fec8,
fefb,
ff4e,
fe81,
0049,
0006,
ff12,
fffe,
ff6f,
fe96,
0079,
ff31,
ff28,
ff27,
007d,
005b,
0006,
ffc4,
ffa1,
000c,
ff7d,
fed0,
00a7,
ff6a,
ffdb,
fe80,
004f,
00e9,
0007,
ff5c,
00ac,
004a,
00e0,
ffca,
ff10,
0032,
0030,
0020,
ff1f,
fffa,
fef5,
ff71,
fefa,
0057,
ff21,
ff04,
0049,
0071,
007f,
ff95,
0078,
fec6,
00ae,
ffd4,
fff6,
0005,
fec5,
ffbb,
ffba,
ff1b,
fffb,
ff78,
0049,
0082,
ff7b,
0047,
0032,
ff6e,
00b5,
0018,
fe96,
ff15,
ff38,
ff40,
ff0f,
ff39,
fedc,
fffb,
0039,
0052,
0008,
fef9,
ff8f,
fdc5,
fdfd,
fec4,
ff82,
02bf,
006b,
ff8b,
00a5,
00a9,
feaa,
002d,
0036,
0004,
fdda,
fe3d,
ff3c,
ff5e,
fdc3,
0145,
012e,
0153,
00c1,
012b,
ff85,
010b,
ff6b,
016a,
013c,
ff80,
fbb7,
fe37,
00f4,
0523,
ff2b,
0211,
0248,
02f7,
ff75,
fdca,
ff6b,
0112,
006b,
fe2c,
000a,
ff0b,
01ab,
02a8,
0265,
fecf,
01b3,
ffbf,
ff69,
fd09,
03b9,
ff4e,
012f,
ff29,
fe44,
0091,
ff38,
004c,
0347,
035a,
046f,
010b,
fea5,
01ae,
fdea,
fe54,
00bc,
00d4,
fc78,
0109,
fff2,
016e,
ffe1,
fdaa,
00e5,
0066,
0137,
017d,
fe48,
02df,
02c2,
fefd,
ffd7,
0294,
ffdd,
fcac,
0071,
032f,
004e,
0139,
ff64,
fdae,
fc51,
fd29,
fc69,
ff11,
feb1,
002f,
fef2,
006b,
ffcb,
feb2,
002b,
023c,
0335,
03f0,
00f8,
0091,
fe29,
01fd,
feaf,
fe22,
fea0,
0152,
00a9,
ff5a,
00fa,
0059,
00a6,
fdee,
ff4d,
0286,
00c8,
fd44,
fcf1,
ff85,
ff2d,
ffce,
fea3,
fd70,
fc03,
fd51,
00a2,
fe7c,
ff11,
ffa9,
006c,
feb3,
02e2,
ffbb,
01a2,
fd47,
ff42,
ffbe,
00ae,
fce0,
017c,
0006,
007a,
0031,
00df,
0103,
0063,
0043,
02d7,
00e7,
ff23,
fe4d,
ff11,
ff4a,
0097,
ff08,
0161,
ff0c,
fe95,
021e,
0145,
01cd,
ff3d,
fed4,
018d,
feb8,
fe3f,
0195,
fbf2,
fd76,
fe7b,
00b2,
feac,
ffae,
fe32,
ffd0,
ff34,
013a,
fffe,
ff3d,
0330,
00bb,
ff0d,
fd13,
0220,
fe52,
ffd2,
006f,
0253,
feca,
00ee,
01c4,
fe61,
fea4,
fd5b,
ffe6,
fef6,
00f0,
0030,
fa48,
ff32,
0078,
fce0,
fc5b,
ffd4,
ffc7,
ffeb,
0108,
00b5,
00f6,
02be,
04ba,
0082,
ff3b,
fe34,
fbba,
01e7,
fdea,
fd61,
fae7,
ffb3,
00b1,
0226,
0165,
ffbe,
004f,
01af,
0396,
019f,
002c,
013f,
fd00,
009f,
ff18,
0049,
fe91,
feed,
ff97,
0027,
02ba,
0044,
ff2f,
fddd,
fdd4,
0022,
0048,
fff9,
ffa7,
ff2e,
00db,
ff43,
ff7f,
ff74,
ffbe,
00b3,
ff57,
00ae,
ff05,
ff48,
00a0,
0072,
fffa,
ff5c,
ff95,
ff3d,
ff9b,
fef0,
ff5f,
0021,
ff78,
0048,
ff63,
ff0c,
ff04,
fffb,
ff43,
fed4,
ff22,
009f,
ffb1,
ffe1,
ff8d,
00a7,
ff68,
ff13,
ffbf,
fef2,
ff44,
ffa2,
0046,
ff11,
ffbf,
ffbb,
ff95,
ff25,
ff90,
0056,
ff42,
0077,
feda,
ff97,
ff7c,
ff1b,
ffe1,
ffcc,
ffc9,
ffb0,
ff8f,
00aa,
00d4,
ffc7,
000c,
00d7,
005e,
00eb,
ff06,
ffd3,
ff92,
fff2,
ffd6,
0029,
0027,
ffd5,
ff43,
ffe9,
ff83,
007a,
006c,
006f,
ff07,
0043,
ff76,
ff52,
ffcc,
ff29,
00ba,
fff1,
0054,
feef,
001d,
00e1,
ff83,
ffa8,
feed,
008a,
ff8e,
ff6c,
ff3c,
ffe7,
ff50,
0080,
0042,
fee6,
ff9f,
0057,
ff9a,
ff58,
007a,
ff63,
ffbf,
ffcd,
ff9c,
ff58,
ffc6,
00e1,
0055,
ff01,
fef2,
ffaf,
ffd9,
0061,
ff16,
ff7c,
ff4b,
003c,
ffcc,
fefc,
ff16,
0023,
ff63,
00a7,
ff19,
ff57,
fefd,
ff4e,
ff7c,
fff2,
ff73,
004c,
00d1,
0062,
00e1,
0052,
0076,
003d,
00cc,
00e2,
00e7,
fff2,
000c,
ff18,
000a,
ffea,
0031,
00d3,
ffa0,
ff37,
008f,
ff02,
ffee,
ff22,
ffe7,
0021,
00dc,
0012,
0073,
002a,
0003,
00ad,
00e1,
007a,
ff68,
0028,
ff53,
ffa6,
ffdb,
00c3,
ffd4,
ff47,
005a,
ffda,
005a,
ff2f,
ff56,
feca,
ffc1,
ffb6,
ffd0,
ff9e,
ff45,
ff8e,
fffe,
00bd,
ff8e,
ffbf,
ffde,
003d,
0011,
ff4b,
0082,
ff26,
0075,
ff04,
009c,
ff93,
ff2c,
ff61,
ff7f,
ff65,
ff8c,
ffa7,
ff78,
ffd8,
0040,
fff1,
001b,
ff49,
ff90,
0082,
feea,
0014,
ff24,
ff11,
002b,
ff78,
0024,
00ce,
ffcc,
ff11,
005e,
ff45,
fff0,
0097,
0092,
ff07,
ff07,
feee,
ff66,
ff84,
ffb2,
ff0e,
0088,
ffe2,
ff57,
ff6e,
00f0,
ff54,
0084,
0070,
00c8,
fda7,
ff6b,
fff6,
fe9d,
fee9,
fecd,
0373,
01a9,
018c,
ff36,
015a,
0068,
ff8b,
ff26,
ffe5,
ff7a,
fe1d,
ff4c,
ff95,
ff06,
fdf6,
ff32,
00c9,
fd35,
017d,
004d,
ffc1,
0044,
ff33,
0016,
021e,
0180,
00cb,
01dd,
01e9,
039b,
ff65,
fee2,
0096,
01f8,
fdb1,
fe01,
fe39,
010d,
ff37,
03bd,
0047,
ff2b,
0031,
0205,
ffcc,
fe5d,
0046,
feb7,
012e,
fd31,
01fc,
ff6f,
0250,
fcad,
012f,
fe0a,
fcb3,
fdbf,
0079,
022e,
0383,
fe35,
01a4,
00ad,
0084,
ff31,
fe98,
fef3,
fe9b,
02bb,
feb9,
ff61,
ff3c,
ff10,
fe55,
ff0c,
fe32,
fcac,
ffc0,
0293,
00da,
ff10,
00f3,
fe92,
0014,
ff1e,
00de,
fce0,
fbd2,
0081,
fff7,
00ca,
0082,
00d2,
fe3f,
fead,
ffac,
fec2,
013d,
0199,
ff53,
000c,
0092,
00e4,
012c,
0065,
ffd4,
028f,
00bd,
0332,
fff9,
ffca,
0179,
0383,
0132,
fe7b,
0005,
0034,
fef7,
ff25,
feca,
0068,
ffe5,
fec8,
015a,
00de,
0034,
feea,
ff79,
fe2f,
fe01,
ff80,
01fe,
00c7,
ff74,
01aa,
01ef,
001b,
0098,
fe00,
0109,
fdf6,
fde0,
0036,
fe37,
fcdf,
022b,
fffa,
fedb,
012a,
00d3,
0182,
01c5,
ff8a,
0317,
0047,
0150,
fcd5,
ff78,
fef4,
fecc,
fe44,
0007,
feaa,
0002,
ff0d,
ff90,
fd4d,
fe04,
fc81,
00c3,
fd6a,
ffc5,
ff3d,
ff9d,
0108,
ffee,
0107,
00e7,
ffd4,
0171,
0272,
0164,
00ac,
0098,
008a,
ff66,
00ce,
0014,
fe74,
ff78,
ff39,
ff98,
fe0b,
0041,
007c,
fce1,
0288,
ff5a,
fcd2,
fb6f,
fcc8,
fefa,
ffeb,
ffcb,
00f3,
ff3b,
fdcf,
fd82,
fede,
011e,
0095,
006c,
001a,
0091,
0212,
ffcc,
0107,
004a,
ff34,
fc6d,
fce6,
0040,
ffe9,
fc2a,
fe1b,
0169,
0006,
feb9,
0110,
0057,
01ac,
00c2,
ff74,
fe1a,
fd33,
fe01,
fe0d,
fe17,
fd26,
ff23,
fe83,
fea5,
002f,
0331,
029d,
ffd6,
00ee,
017f,
021f,
007d,
ff88,
fefa,
ffab,
0076,
ff8a,
0074,
fee9,
ff90,
ff9d,
00a6,
00a9,
008c,
ffe3,
ff34,
009b,
ffdc,
ff47,
ff79,
006a,
00b1,
fef7,
000e,
007a,
0029,
ffcc,
ff8d,
0085,
ff75,
004b,
ff63,
0034,
ff45,
001f,
0017,
ff03,
0015,
00b3,
00cb,
ff46,
ff4b,
ffe3,
006f,
ff07,
0086,
00cd,
0049,
ff1f,
ffb7,
0006,
ff1b,
ffb7,
ff6d,
ff51,
ff8c,
ffa9,
ffda,
00b4,
ff70,
00b0,
0008,
0079,
009c,
00a6,
0012,
0024,
005f,
ff99,
ff91,
ffb1,
007d,
000c,
ff59,
0023,
0074,
feef,
fffc,
0038,
0016,
002c,
0050,
00ab,
fff5,
ffba,
ff95,
ffa5,
feff,
fef3,
ff7b,
fff7,
ffab,
0012,
ff88,
ff8d,
ff0d,
00b2,
ffb0,
ffa1,
ff7c,
ff3f,
fecc,
0066,
0088,
005d,
0054,
ffc8,
ffe5,
ffad,
000d,
0020,
0002,
00b3,
ff3b,
0050,
ffcf,
00f3,
fffa,
ff80,
ff58,
005c,
ff3d,
ff17,
fedf,
00a1,
007e,
ff22,
00a9,
00bc,
00b2,
fef2,
ff5f,
0060,
ff36,
001e,
00d3,
ffb0,
ff53,
ff95,
fffb,
ff31,
ff4c,
ff53,
ffcc,
ff39,
007e,
ff22,
ffa9,
ff16,
ffe5,
00b4,
ff93,
ffc4,
006a,
ffa3,
008c,
003c,
0041,
ff93,
0099,
0094,
00ca,
00ab,
0052,
0027,
006d,
ff0d,
ffb8,
000a,
ffb3,
ff9c,
ff5c,
00c2,
ff29,
ff82,
ffae,
0029,
fef9,
ffa6,
ff8f,
fef2,
ffe9,
ffe3,
ffbe,
fefb,
fef1,
0010,
006a,
ffe0,
006c,
002b,
ffa4,
ffaf,
000b,
000b,
000f,
0082,
fef3,
ff30,
00c7,
fef6,
ffea,
ff8c,
0074,
ff74,
00cd,
ff69,
0021,
feff,
ff5a,
ffff,
0059,
ffe4,
00a6,
ff8b,
fefa,
0064,
0022,
00a7,
ff68,
ff73,
ff93,
ff70,
0046,
ff48,
00c2,
ff1a,
ff79,
fef1,
0014,
feda,
004c,
ffa9,
00cb,
ff1d,
0030,
00ae,
ff73,
ffb5,
00b5,
ff51,
ff17,
fffa,
ff3a,
ff50,
ff90,
ff73,
ff33,
ffd0,
0064,
0006,
ffd4,
ff2e,
fedf,
fffa,
0062,
fee1,
fd67,
fdfd,
0113,
0037,
ff79,
01f7,
0234,
0056,
0251,
ff6d,
003d,
ff8a,
fe7f,
fe51,
fd68,
fb5e,
fd90,
008b,
032b,
01dc,
fff7,
0142,
024c,
ff10,
0021,
004f,
ff78,
00eb,
0020,
fe3d,
fc80,
fcc9,
02aa,
0435,
0149,
ffce,
0164,
01f1,
0096,
0177,
ff07,
ffba,
000b,
feda,
0182,
fc03,
012a,
0487,
fcd7,
fc2b,
fed5,
ff50,
fde7,
fd72,
013f,
00b4,
002c,
0095,
011d,
00b6,
fecd,
010c,
01eb,
00dc,
ff95,
00ca,
00ba,
0380,
002c,
ffdf,
ff2d,
fff7,
fffc,
0068,
fdc2,
02cd,
00de,
001f,
fe36,
fd3c,
feb2,
009c,
007a,
fd46,
0046,
01a7,
0125,
fd06,
0230,
0262,
010a,
00c7,
01ec,
01a3,
00c9,
007a,
fe93,
ff05,
01e3,
01b9,
ff52,
ffb7,
ff80,
fe20,
010e,
0104,
00c5,
fe5e,
fe33,
ffba,
00cb,
00f6,
ff32,
0199,
ff64,
0053,
fefb,
0076,
fffa,
fe58,
fe41,
011f,
fea8,
fec7,
fdc0,
facf,
ffa2,
00b8,
0073,
012f,
00c4,
01b4,
ff44,
004e,
ff6f,
018e,
0077,
0317,
0104,
004d,
02cc,
0134,
00f7,
017a,
fc0f,
ff9c,
0246,
001f,
fcda,
01dc,
ffc3,
0017,
0228,
0282,
0009,
fde8,
0238,
005e,
fce8,
fc55,
fc4e,
fe22,
feb8,
fdfd,
fe58,
feb1,
fecc,
fc82,
ff68,
fffb,
ff1e,
ffdd,
ffa5,
0257,
00d3,
02c4,
ffa2,
ff64,
fe98,
0226,
ff02,
0177,
fe90,
000d,
0176,
ff86,
fcc8,
fefa,
fce8,
fa42,
fb7d,
fa9d,
fd22,
fe94,
0023,
fd53,
ff44,
fe35,
0213,
fe10,
01d9,
025f,
0281,
ffb1,
fea2,
0090,
035b,
01ef,
fe06,
ff92,
fe21,
fe49,
feea,
004e,
fe3b,
fd4c,
00d9,
feba,
00da,
0011,
ffdd,
001a,
006d,
0126,
fc92,
009c,
000b,
fe87,
fe76,
006d,
fee6,
0096,
01de,
02a9,
00ff,
0151,
fef2,
fe7d,
0192,
00d6,
fc71,
fe6e,
fffa,
ffcc,
fe47,
038d,
005b,
fea9,
020f,
0243,
012e,
feec,
0347,
fded,
faa1,
fc1a,
00c1,
feae,
ff95,
011d,
fed1,
ffe9,
fcb1,
ff43,
ff84,
002c,
0026,
fe81,
fdda,
004c,
ff91,
ffcf,
0029,
feb2,
fe4e,
ff57,
fee1,
ffaf,
fdac,
ff79,
fe73,
fec5,
fef7,
fe3d,
00a7,
ff52,
0050,
0008,
ff1a,
fff7,
ff82,
fd2e,
ff3d,
0031,
ff9b,
ffec,
0172,
0144,
01e6,
00dc,
ffdb,
ff83,
feab,
ff90,
fd8f,
fe76,
ff15,
febf,
fd84,
ffae,
ff6d,
0107,
fdf0,
015e,
fff4,
0074,
00f9,
feb0,
0180,
0198,
fe8d,
ff51,
fee1,
ff88,
fe85,
00a0,
009e,
fe2b,
feb0,
fec5,
ffd5,
01bf,
fe7b,
ff95,
fd58,
ff48,
009e,
010d,
ffce,
00b1,
fff3,
ff4a,
004f,
ff75,
fe44,
ffa6,
02e4,
ffdd,
fea9,
00c5,
0049,
ff03,
013c,
ffef,
ff05,
ff84,
000d,
fea7,
fd95,
fd27,
fe1e,
febc,
fe4d,
ffc6,
ff2f,
ff2b,
0094,
014b,
0048,
ffcb,
fef8,
ff7e,
fe19,
ffbc,
ffaa,
fe8a,
fe57,
0148,
002c,
fef4,
0052,
fef9,
00f7,
01ee,
0107,
00da,
0071,
ff72,
01ac,
0138,
ffab,
ffe5,
0093,
009e,
fed8,
fefe,
fe94,
ffb6,
fe87,
ff87,
ff22,
00e9,
fe7e,
003b,
0088,
fe8f,
fe8e,
ffe0,
fd7e,
feac,
ff98,
0032,
fda1,
feb4,
fece,
fee7,
00ae,
0056,
0084,
fe9b,
ff94,
fec8,
00f5,
ffb4,
0059,
ff37,
00f5,
ffc9,
ffd0,
01d1,
fe8a,
0039,
0306,
000f,
ff56,
ffe0,
00b3,
0054,
002b,
fe95,
0151,
fff7,
fe33,
fea1,
fff6,
ff4d,
ffc5,
0112,
fe26,
006f,
00d2,
0250,
ff4f,
ff3f,
ff86,
020b,
fe5c,
fef4,
00c1,
ff91,
ff84,
ff8d,
01ae,
ff4e,
001d,
fe05,
ff3d,
ffa7,
ff3a,
ff18,
fedf,
ffe8,
ff97,
ff89,
fe8a,
fdcf,
ff70,
fef6,
fe5c,
fe1e,
ff0c,
ff94,
fe69,
fee3,
fe9e,
005a,
fe47,
ff1a,
fe63,
ff2b,
fe2a,
fdfc,
ff27,
fec1,
0052,
febe,
fdd9,
feee,
ff9d,
ff00,
ff8e,
fd0c,
fe4e,
ff90,
0008,
feef,
ff31,
0002,
ffb8,
fff8,
fe68,
ff2f,
026b,
009a,
004a,
01a4,
0333,
0065,
ff73,
006e,
feec,
017e,
015e,
fdcb,
fd2d,
ffaa,
fe89,
0041,
0368,
ff1f,
fb1d,
fc9b,
ff66,
fe03,
fe6a,
fe5f,
038b,
ff92,
fc88,
ffc3,
fd55,
fff7,
ff94,
00f2,
002f,
0066,
00d1,
00ac,
ffbe,
004c,
0108,
0087,
004c,
ffcd,
ff0a,
fc65,
00bd,
feb5,
fcbf,
fde1,
03ce,
0192,
fe36,
fece,
0274,
0298,
019f,
ff39,
ff09,
ffca,
fccf,
fe91,
ffa1,
0044,
fcea,
012d,
ff17,
fd08,
fdb8,
fc5e,
ffae,
004b,
024d,
0202,
fdd4,
ff8d,
02a6,
00f7,
fe29,
fef6,
01ac,
ff1c,
0176,
0027,
fadc,
fdfa,
ff23,
fc28,
fd2b,
fccc,
ff92,
ff06,
00cb,
0396,
fd93,
ff0c,
00d0,
fe40,
0052,
0206,
0149,
fcc9,
00f4,
fe16,
fe56,
fdfb,
0022,
0096,
fed2,
fe13,
0020,
feb2,
ffb0,
005b,
ff78,
0110,
feb6,
0124,
0090,
00ad,
0088,
fe49,
fe4b,
ff05,
ff09,
ffdb,
004c,
0090,
0117,
0115,
ff89,
01ab,
00b5,
ffbb,
fde7,
0058,
0070,
fe0c,
0061,
003b,
ffe3,
feef,
ffeb,
ff97,
fd6c,
fe7f,
00fa,
003f,
fbeb,
fb5f,
fd39,
fc54,
fc50,
ffb6,
011a,
fdb2,
fd7e,
0150,
fd65,
0209,
01cb,
feb6,
ff0b,
fbc0,
001b,
ff5e,
0133,
fd21,
01b8,
ff8e,
ffaf,
ff53,
026f,
0523,
fdb1,
faca,
ffc1,
014e,
fd04,
0173,
0261,
018c,
0199,
fff8,
024d,
ff52,
006c,
ff3b,
fe25,
00ab,
0137,
013b,
fe92,
ff76,
018e,
fe80,
fb15,
fd4c,
0256,
0064,
fd20,
ffd6,
ff82,
fd9e,
fd9c,
ff74,
fff7,
fd00,
fdda,
0421,
ff4c,
026e,
01fc,
0189,
0251,
ff7c,
ff15,
02e8,
00c8,
fe4c,
febf,
030c,
ffb3,
fe8f,
fe52,
0193,
0331,
0276,
02f3,
0033,
01a4,
008f,
fbd9,
fe10,
0181,
ff8c,
f965,
fca1,
ff7f,
fd83,
fe32,
017e,
ff6e,
fde5,
fecf,
ff62,
fe97,
fd6a,
00d3,
fefe,
022a,
fd2b,
ff87,
0165,
ffeb,
0043,
020b,
01a0,
ff1f,
ffb9,
ffe8,
ff72,
0052,
0022,
0038,
ff61,
ff57,
00bd,
0056,
fe89,
0024,
ff81,
ffc9,
fdfb,
0006,
feb4,
ff97,
ff68,
ffc7,
0037,
feb1,
ff91,
ffbb,
ff6c,
fffd,
ff39,
0081,
fece,
fee7,
0012,
003d,
ffce,
febd,
fee1,
ff62,
fff1,
fe67,
fe61,
0095,
001e,
0078,
ff5a,
ff01,
fff6,
ff96,
004c,
fffa,
ffa3,
fe7b,
ff60,
ff13,
fee0,
ffd5,
ffaa,
ff00,
0046,
001c,
0010,
ffc1,
ff49,
0027,
ff6c,
007e,
ff44,
ff04,
0009,
ff6e,
0053,
007f,
0106,
ffbc,
fe7f,
00c0,
01a3,
ffdc,
ff5f,
fe07,
fed7,
fff5,
0021,
fee5,
ffda,
002d,
006b,
ff56,
00b1,
0072,
ffe7,
ff08,
ffc7,
00aa,
ff59,
0056,
ff8f,
ff30,
fee5,
005f,
ffd8,
ff9c,
fe52,
004d,
003b,
ffd5,
ff3c,
ff3b,
ff3c,
001c,
0033,
ff50,
ff5d,
ff83,
004d,
fe96,
0076,
00b1,
fef6,
ffb6,
ffed,
ffb4,
ff9b,
0020,
ffc6,
001b,
ff43,
ff9d,
ffe9,
ff05,
ffc3,
000c,
ff81,
ff6a,
fef7,
0099,
ff6e,
ff55,
fed2,
feea,
ff81,
0059,
ff90,
006d,
0032,
0012,
0038,
ff63,
fefc,
ffc2,
fee0,
fecc,
ffcd,
ffab,
005c,
ff4d,
ff0c,
ff28,
ff7b,
ffd2,
ffd4,
0001,
ffa9,
ffcb,
ff9c,
0041,
fe70,
ffb1,
ff3d,
00a2,
000e,
ffb2,
ff84,
ff4e,
ffd4,
fea4,
fef0,
ffe8,
fec9,
ff36,
ff0a,
ff24,
ffc1,
ff4c,
fef6,
ff5f,
0004,
ffde,
ff1a,
00de,
0103,
00e2,
001f,
fe43,
006a,
ffdd,
ff8c,
ff68,
ff92,
ffb5,
ffe8,
00ad,
001c,
fefb,
00ab,
ffc5,
ff41,
ff30,
ff5a,
fffb,
0058,
0046,
0205,
006e,
febb,
ff95,
0114,
002d,
00f7,
ff86,
000c,
000a,
00a3,
fe76,
ffa8,
ffdb,
fef8,
0035,
000a,
0087,
ff17,
ffc3,
0048,
ffbe,
000b,
fea5,
fef0,
004a,
fec3,
fe5b,
ff2e,
ffb0,
001b,
0047,
ff00,
0080,
006e,
ff76,
0045,
ff9e,
fec6,
ffdd,
fffd,
000f,
0138,
0040,
ff82,
01f3,
ff80,
ff4c,
fdd9,
02cb,
ffc0,
00d3,
0012,
00ab,
ff8c,
00bb,
ff7a,
017a,
00b8,
013b,
fe47,
fe19,
fefd,
fffc,
00c1,
0194,
0056,
fe52,
fb48,
ff3a,
00e6,
fd9d,
fdd2,
ffc9,
fede,
ffd6,
0025,
ffe9,
0215,
023e,
00c2,
ff48,
0194,
ffd1,
01d8,
0208,
00f5,
ff27,
008b,
0171,
0071,
fff5,
004e,
0347,
032c,
ffe3,
fc6a,
01bb,
023f,
014e,
fecc,
00d4,
fe44,
0084,
008b,
fdc5,
0014,
fe20,
00eb,
052b,
00c2,
ff9c,
fbfe,
0201,
feba,
fce6,
00dc,
ff0d,
00d8,
011d,
0543,
fdc5,
0061,
001a,
fff2,
0279,
0113,
fec1,
ffba,
02c8,
01c3,
fdca,
ff52,
000c,
001e,
fe92,
01e9,
fe96,
0054,
01fa,
00fe,
ff6c,
001f,
0186,
01f2,
ffd9,
ffe2,
00c0,
00c1,
00df,
fe97,
fee4,
ff1a,
008a,
fe9f,
fe54,
fee9,
021f,
ff96,
ff72,
015b,
0196,
fdfa,
fedf,
ff62,
008d,
00cc,
ff50,
0188,
ff83,
0156,
0107,
0090,
fd82,
febe,
020a,
0237,
fe46,
ff29,
0159,
010d,
002c,
0040,
005f,
ff4e,
011f,
ffd3,
0083,
00be,
000d,
ff77,
feb8,
00db,
0219,
fe6d,
fc10,
fcb4,
0141,
ff16,
fd60,
ffe9,
0045,
ff40,
ffea,
0082,
04da,
0042,
fc69,
fa3b,
01c6,
01cb,
fe6c,
fc4c,
0172,
00ea,
01ce,
0195,
ffa0,
003c,
0127,
ffc2,
fcd2,
fedd,
0114,
00b5,
0092,
00ed,
ffe7,
ff92,
ff8a,
ff36,
ffd1,
0137,
00a2,
ffbb,
ffaa,
ff60,
0036,
0123,
fe57,
fed9,
0275,
00ed,
ff21,
017c,
ff25,
fd6b,
fd98,
001a,
fd57,
fde9,
ff4b,
0046,
fde3,
0155,
01c1,
0208,
0000,
0109,
ff8d,
0232,
0046,
01be,
0005,
01f8,
ff08,
fe1c,
fd28,
feda,
0035,
03b2,
029e,
008a,
037b,
028c,
ff3a,
0253,
015d,
0085,
ff03,
ff4d,
fdca,
fc9b,
ff54,
fe81,
fcd5,
fef0,
fc8e,
fc8c,
005c,
ff37,
fcc3,
fbf6,
017c,
fd04,
fe91,
00aa,
02b1,
01e7,
ff47,
0138,
ff1c,
0060,
fed2,
feec,
fcbc,
fe75,
ffed,
0158,
018e,
ffca,
0110,
02f7,
0272,
0214,
01c0,
0100,
ff7a,
0000,
ff81,
006d,
fb38,
fffc,
01f3,
0283,
fd56,
fe10,
0147,
fed5,
ff9c,
00ef,
0072,
0130,
feb0,
fe86,
00b0,
fdc0,
01f3,
ff48,
00a0,
0182,
022e,
ff93,
fe66,
00c1,
03e3,
03f7,
ffab,
0032,
ff89,
0088,
0031,
fece,
0134,
ff39,
fece,
0175,
fd30,
fe07,
fec3,
ffbb,
fc28,
005d,
fe9c,
ff54,
fff7,
ff1f,
fe27,
00ab,
01a7,
fe56,
0044,
fd81,
0009,
ff97,
00bb,
fff2,
fff0,
0037,
ff1c,
ff5b,
fe50,
fcbe,
ffa0,
fe73,
fd77,
fc6c,
fef7,
fd0a,
feea,
fe96,
ffac,
fe87,
fee4,
00cc,
0260,
023b,
00fa,
007e,
ff46,
ff57,
0091,
006a,
007b,
00b3,
00b8,
002e,
018c,
fde1,
01bc,
0090,
fde2,
feb0,
fef7,
fedf,
ff87,
ff41,
00d1,
005a,
ffa2,
0133,
01bc,
ffd1,
0062,
fe7b,
026f,
0252,
ffd6,
fd04,
fffc,
0045,
0085,
005f,
00e0,
fed5,
ff39,
ff40,
0273,
00d5,
ff4f,
fced,
029e,
028a,
0137,
fd7c,
0050,
fea8,
fed8,
0172,
fe27,
0297,
0153,
0064,
fe13,
feee,
ff88,
fcc9,
00ff,
018d,
0157,
00bd,
0068,
00ad,
ff27,
fff4,
0157,
ffd0,
ffee,
fa11,
003e,
ffc1,
00de,
fe3a,
fea4,
fd17,
0229,
005b,
0118,
fff2,
ff8c,
00f9,
fe52,
00ef,
ffd1,
fee0,
ff57,
00ea,
0015,
ff9d,
0396,
032a,
017c,
0109,
fea4,
00d2,
00c9,
fe7d,
fe4b,
ffb9,
ff43,
ffac,
fb31,
fddc,
fec4,
0326,
ff66,
fe55,
fe9c,
00d5,
01ff,
000e,
ff95,
0012,
02c9,
01f9,
fdee,
ff4f,
ff4e,
0101,
003f,
fe0a,
ffbf,
ff75,
fc2d,
ff0a,
ffd3,
01fb,
ff46,
0161,
ffdf,
01fa,
01e6,
0535,
fed5,
ffff,
ffba,
ff49,
fff2,
fe70,
fe21,
ff47,
fec5,
ff9b,
0252,
02a3,
fdca,
018c,
0086,
005c,
ffcb,
ff04,
0120,
02b0,
ff7f,
02e5,
03cf,
028d,
ff1b,
0090,
00cd,
ff31,
fec4,
ffe4,
fff7,
0075,
00bd,
004b,
0081,
ffc7,
0069,
ff4d,
fef1,
ff5d,
006d,
0097,
0000,
ff55,
ff92,
ff3f,
ffb1,
006b,
0097,
ff1d,
00de,
ffdb,
000e,
ffb7,
fff4,
ff56,
feac,
003c,
ff75,
0064,
ffb2,
0056,
0018,
ff6a,
ff1c,
ff81,
0043,
ffa3,
0017,
ffbb,
ff98,
ffd0,
feef,
ffff,
ff01,
ff0d,
ff1a,
ff94,
fffe,
ffde,
ff94,
ffec,
feb4,
0061,
ff80,
fffd,
ff87,
fef6,
ffc8,
0076,
004e,
ff17,
008d,
ff47,
ff93,
0007,
ff38,
ff32,
002b,
ffee,
ff24,
ff4d,
ff63,
ff82,
fffb,
fece,
ff60,
005e,
ffcc,
000a,
0097,
ff30,
0074,
001c,
fffd,
ff58,
ffb1,
0054,
009d,
ff67,
ff50,
ff8c,
ff85,
0002,
0005,
0089,
0030,
0047,
ff11,
0049,
fe9f,
0024,
0042,
ff13,
0007,
ffa8,
00cd,
ff4d,
ff5b,
feda,
0009,
ff8d,
ffc8,
fff2,
0024,
004d,
ff77,
0045,
ff69,
ff5a,
009d,
000c,
fed4,
fef8,
ff53,
fea8,
0048,
fee9,
fff2,
0068,
ff15,
ff29,
ffa2,
ff32,
001a,
feeb,
ff9c,
0002,
ff3f,
00a2,
ff83,
00c1,
feff,
0092,
005a,
ffb0,
fff1,
ffc5,
ff84,
fee6,
fea8,
ff3c,
009b,
0061,
ff05,
ffbb,
ff56,
00d3,
00b0,
ff5d,
003f,
008a,
ff5f,
ff0d,
ff6a,
ffc5,
ff42,
ff21,
ff37,
0021,
ff5e,
0023,
ff07,
0086,
feea,
ff54,
000e,
0034,
febc,
0002,
ff73,
ff6b,
ffc0,
0072,
ff05,
0046,
0026,
ff6e,
00b2,
0089,
fef0,
ffff,
005e,
ff37,
0083,
ff41,
ff0a,
0057,
ff6c,
ff56,
0049,
0001,
0097,
00bb,
00d8,
feee,
0081,
fec0,
00a4,
ff6d,
002b,
0049,
ff79,
ffd5,
0009,
0027,
001c,
ff2c,
ff09,
00db,
00cc,
ff7f,
0017,
0043,
0044,
ff01,
0026,
ff74,
005b,
0037,
fee5,
0015,
feff,
009a,
ff7e,
ff0c,
fffd,
ff3b,
ff15,
007c,
ff3f,
ff02,
0093,
ffc8,
ff2a,
ff03,
0067,
fec7,
ff66,
00bd,
007e,
ff55,
0070,
ff98,
feee,
ff9e,
0069,
0006,
ff27,
ffda,
fff1,
ff7d,
ff8e,
004a,
fe52,
0044,
ffbf,
0095,
ffbf,
fea0,
ff35,
fea1,
ff9e,
ff46,
feff,
0091,
ff48,
ff81,
ffcb,
0015,
ffd5,
0085,
0030,
fef0,
0079,
0062,
0041,
fedc,
ff2e,
0082,
ff09,
0014,
fedf,
fef6,
ff6d,
004f,
ff46,
ffbe,
ff50,
fffa,
ffbe,
fee5,
ff51,
feaf,
ff32,
00a2,
ffd7,
ff20,
ff5b,
0079,
ffdc,
0108,
ff6b,
ffba,
ffe6,
00b4,
007d,
00c5,
006a,
ff66,
ff91,
0066,
ff08,
fff4,
ffe4,
ffff,
007f,
ff27,
ffb6,
001b,
ffeb,
0035,
0033,
00ac,
ffb8,
fffd,
0062,
004f,
fff5,
fe99,
ff6c,
0061,
ff13,
0081,
009d,
0063,
0068,
00c7,
005a,
ffdc,
ff71,
feca,
000d,
ff94,
fef0,
fec3,
ff8c,
fff9,
00be,
feec,
ffd2,
001d,
ffa3,
0068,
0020,
ff5e,
ff79,
008d,
fff4,
0068,
ffc3,
ff0c,
005c,
0049,
febf,
ffbd,
ffd6,
ff0b,
ff74,
007d,
fece,
ff05,
ff00,
ff88,
007d,
fec7,
0083,
00a2,
fecb,
007f,
fedb,
0008,
ff30,
ff6a,
ffe7,
0088,
ff6a,
ffba,
ff4b,
ffc7,
ff83,
ff62,
0056,
0064,
000f,
ff53,
ff34,
0007,
ffb9,
ff79,
fedf,
ff55,
ff3a,
00c4,
ff45,
ff80,
009b,
006c,
0047,
0034,
00db,
00ae,
ffb4,
0016,
ff71,
004b,
0012,
ffbd,
ff19,
ff45,
fefc,
fee4,
ffb6,
ffdd,
006d,
007e,
0044,
0083,
ff53,
ff70,
fec2,
0069,
ff0f,
ff00,
008b,
ff53,
0088,
ff7c,
004b,
009b,
ff5e,
ff44,
003e,
ffb4,
0055,
ff96,
0073,
0072,
fed8,
ffaa,
fed9,
ff72,
ff77,
ffac,
ff45,
ff83,
ff94,
00b9,
fff3,
ff1c,
ff0d,
0041,
001c,
006d,
fed0,
0073,
ffad,
ff0b,
0033,
0066,
ffa1,
ff24,
ffce,
fec4,
0048,
ffa7,
fed2,
ff60,
005b,
ff67,
0026,
001d,
ff5d,
fedb,
ff6d,
ff33,
0012,
feaf,
00c0,
ff3b,
ff18,
fffe,
ffb1,
ff62,
ffe2,
ff9d,
ffa2,
019e,
fe5e,
fee1,
fff9,
fe8b,
fdd3,
ffee,
feac,
00e8,
011d,
0040,
000d,
fe39,
0001,
0089,
ff15,
fe86,
fecd,
0161,
0113,
fff4,
fe95,
0106,
fff1,
ff13,
00b5,
00ef,
00ee,
002d,
00d2,
0256,
ff10,
fec7,
fd8a,
ffc4,
fe7e,
fec2,
ffe4,
ff3c,
0149,
003d,
0009,
0169,
01d3,
fec1,
01d7,
0047,
01cf,
02b1,
01e6,
014c,
fda8,
ff80,
ff95,
0062,
febe,
00b3,
fe15,
0079,
fe96,
0094,
ffdf,
004e,
0104,
00c8,
00fe,
021f,
0160,
006e,
fd13,
fe5d,
ffad,
ffe3,
0033,
fd0e,
0054,
ff10,
ffe9,
0076,
ff12,
ff99,
ff17,
034b,
0036,
ff61,
00e4,
023b,
0087,
fd60,
ffe8,
008b,
0033,
00c4,
fffa,
02f0,
00cb,
fcf2,
fb45,
fa98,
022c,
0145,
0176,
0163,
020b,
00e7,
0201,
04ef,
fe4b,
fdc3,
ffc7,
00d8,
01fb,
ff45,
001c,
ff4b,
ff3d,
ffd2,
0273,
026d,
ff08,
0118,
004b,
0306,
005b,
fec4,
ff10,
003c,
0139,
fdd9,
faee,
fcad,
0179,
0038,
fde6,
feab,
0214,
0098,
021f,
02b7,
008c,
0096,
0022,
0132,
0043,
ff88,
fee5,
00de,
006c,
0186,
00b9,
ff61,
fe37,
00c2,
0135,
ff91,
017b,
0069,
ff8f,
00ba,
01f4,
0305,
ffe1,
025a,
001f,
ffa2,
0124,
0080,
ffca,
ffd4,
ffbd,
013c,
00e2,
ff83,
fffe,
004d,
0145,
01b3,
fefa,
fdd5,
00a2,
01f1,
029d,
ffe4,
ffbc,
ff12,
0165,
00af,
013f,
0007,
0086,
00c4,
ff4a,
fe9c,
ff00,
fff3,
feba,
ffa3,
0064,
ffe6,
feb2,
0105,
ff9b,
0143,
feeb,
ff6b,
0180,
01f0,
0117,
0002,
004f,
ffb9,
013d,
0113,
0118,
0021,
0093,
0119,
008e,
ffe8,
ff14,
fec3,
fd66,
0036,
fdd1,
fea9,
fed5,
0207,
fe9f,
fe4b,
0283,
ffcf,
ffe1,
0091,
ff2f,
011f,
fea0,
ffa0,
ff4d,
fecf,
0495,
02c2,
01f1,
feda,
01a2,
fe82,
ffb9,
fdf3,
00a0,
00a6,
fef9,
fedc,
ffc5,
01a7,
fe9c,
006f,
002a,
0291,
ffe7,
019f,
017f,
0227,
00e6,
fdbf,
ff53,
ff09,
002e,
ff50,
0090,
013f,
0167,
0072,
ffcc,
ff8b,
ff87,
ff76,
fd64,
00b8,
0047,
00ae,
0015,
ff5a,
019b,
fec6,
016c,
fea3,
ff76,
ffcc,
0205,
0161,
02b3,
02f8,
00e9,
ff0e,
feae,
001b,
ff1c,
ffdd,
0062,
020b,
ff8d,
0151,
01eb,
00f4,
fd74,
fbdb,
fdd1,
fcd9,
fc85,
ffd9,
010c,
fe4d,
fe1a,
fff5,
feed,
fe40,
01a1,
0089,
0152,
ffde,
fd6d,
fce2,
fccf,
fdc8,
ff26,
ff35,
006d,
010e,
ffc7,
fdba,
fed2,
ff7f,
fee6,
00fc,
fe0d,
fdf5,
ff7a,
fe96,
fce7,
fe4b,
ff7e,
fec0,
005e,
013f,
0108,
0035,
ff60,
00a7,
ffd0,
fe5e,
ff5f,
ff78,
fec4,
00d1,
020d,
00c5,
0059,
ff7a,
00d1,
ff56,
ff46,
00c0,
0100,
ff3f,
ff81,
0058,
ffca,
012d,
ff6b,
fff7,
0126,
0099,
008c,
00f5,
00f1,
fff4,
ff07,
fda6,
fec6,
005c,
ff5e,
ff2f,
ff0d,
01f4,
023c,
0199,
0273,
003b,
00f4,
0059,
00f6,
021f,
ffcd,
0127,
011c,
010f,
ff02,
001b,
0063,
0008,
ff1e,
fe96,
002f,
fdb7,
ff02,
0096,
ffb5,
01c9,
0276,
ffea,
feef,
ff1a,
0042,
ff1a,
ff94,
fdcf,
fc1a,
fd55,
fe6d,
0000,
0091,
0085,
fd74,
0000,
ffcf,
fe88,
fded,
fff6,
feb0,
00ea,
ff06,
fd09,
fff6,
ffd1,
028f,
0173,
0190,
0092,
017b,
000a,
fe2a,
014f,
ff56,
ff9d,
ffdd,
0074,
fddc,
00c1,
feb3,
fed5,
0022,
0007,
ffbb,
00b7,
ff7a,
fe91,
0122,
0025,
ff46,
fff4,
0032,
fecc,
ff88,
ff28,
fe44,
ff08,
fe9a,
ff2c,
ff6d,
ffa3,
ff39,
fef3,
ff8f,
ff9f,
01dd,
ff46,
ff6b,
0013,
0164,
00d0,
0187,
ff78,
ff03,
fd95,
fe37,
003d,
ffe7,
fe44,
ffba,
00e8,
0120,
ff72,
0136,
0027,
fe6b,
0172,
ff35,
ff51,
003a,
025a,
00f1,
0041,
01d6,
0134,
ffb2,
0164,
0265,
0078,
020e,
fcee,
00b7,
fd47,
00a0,
007c,
ffd2,
004a,
0049,
fff9,
0039,
ff46,
00a1,
ff19,
003d,
ff29,
ffb0,
0014,
0044,
fead,
ff0a,
003c,
00a1,
00a4,
0055,
ff03,
ff7a,
009b,
fefb,
ff3a,
008c,
ff3e,
002b,
0011,
ff57,
ffa3,
ff14,
ff91,
009b,
0098,
004f,
ff7f,
fefd,
ff38,
ffac,
ff8d,
ff33,
00a3,
ff72,
ffc7,
ffc2,
ff38,
00e4,
ffb3,
fee1,
ff13,
ff4f,
0053,
0086,
ffdc,
ff97,
ffe3,
00bd,
feca,
ff84,
ffd1,
fec3,
ffe1,
ff4c,
007b,
ffe9,
004b,
ff62,
ff1e,
fef4,
0010,
004b,
004f,
ff6b,
ff28,
ff5d,
0072,
ff5c,
0041,
ffc7,
ffd8,
fff6,
fee9,
002b,
ff5f,
ffa1,
009a,
00bb,
ff28,
fefa,
004e,
00b6,
00f9,
ffca,
ff75,
0019,
ff95,
ffe4,
ff77,
00a8,
004e,
fec9,
ff3b,
0007,
ff05,
fee8,
0081,
ffdb,
0074,
005c,
fec8,
ff1a,
ffe3,
ffc5,
005f,
fee3,
006c,
0003,
ff22,
0010,
0085,
0091,
fffe,
ff6a,
009e,
008a,
feec,
0086,
ff45,
ffe0,
ffbf,
0094,
007c,
ffae,
003b,
ff22,
ffb4,
fef7,
fff0,
ff5b,
ff08,
ff22,
feed,
ff05,
001e,
fee2,
ffb6,
ff7e,
ff07,
0000,
ff1c,
ff49,
ffa2,
0096,
004c,
0049,
ffa0,
ff89,
0093,
ff4b,
ff63,
00ad,
003c,
ffd5,
ff1b,
0001,
005c,
fee3,
ffdb,
ff26,
feea,
ff3f,
009a,
0009,
ffb0,
0058,
001f,
009d,
fefe,
ffad,
006e,
0011,
ff41,
ff68,
ff61,
001f,
ffaa,
ff12,
fed1,
ff69,
ff1b,
006e,
fea8,
feb8,
006a,
0013,
0005,
feda,
ff6e,
ff58,
ffd7,
ff48,
fee5,
fec5,
feeb,
fec8,
ff81,
0068,
ffb0,
fef3,
ff48,
ff2b,
ff31,
ffba,
007a,
ff19,
fedc,
ffe3,
fff8,
0006,
feb5,
000b,
ffc9,
002b,
ffc4,
feed,
fec4,
0074,
ff2d,
fee7,
0044,
ff84,
ff12,
fffe,
001f,
fefb,
fef9,
ff5f,
ff07,
fee1,
ff50,
fede,
ff4f,
fef7,
0009,
007d,
004f,
ff49,
ff82,
ff43,
ffd5,
006d,
fef5,
0042,
ffa7,
feb1,
00a6,
00cb,
00d5,
006c,
ffd6,
0119,
ffb9,
0168,
002a,
ff85,
fce9,
fe1a,
ffd3,
0178,
ff3d,
01da,
0024,
ffdb,
fe85,
ff81,
0047,
0069,
fe26,
01b5,
0122,
ff8e,
00d5,
00f9,
ff6b,
00f6,
0164,
0064,
ff44,
ffad,
ff25,
0268,
02d5,
01a4,
00de,
018e,
02f3,
00e1,
02ae,
fe74,
fcef,
035d,
03ee,
ffb6,
ff66,
faf0,
0100,
fd2c,
00a8,
fe5d,
01b7,
fb34,
ffc9,
ff29,
01a0,
004d,
00d3,
010c,
012c,
ff2d,
ff5a,
0043,
fe66,
ff9c,
010b,
ffb8,
015b,
fd4b,
ff2c,
ff9a,
ff09,
fd77,
0005,
fe33,
ff68,
02e6,
02c3,
fb8b,
fb6c,
002b,
ffa6,
00f8,
0090,
ff53,
ff81,
0245,
038a,
016a,
0179,
006d,
00e8,
ffd4,
ff5a,
0157,
0013,
0088,
0058,
fe21,
feb5,
013e,
00ef,
fed6,
ff42,
fffe,
0103,
012b,
ffe8,
0081,
ff8e,
fcf7,
fc4a,
fedd,
0064,
010a,
fe3b,
ff46,
0214,
010c,
0002,
fd36,
fd99,
016b,
052c,
ffd5,
00f9,
0080,
01c2,
0218,
ffbb,
fdb5,
fecc,
fde6,
fe22,
fe96,
020e,
ff14,
001e,
fe68,
01d8,
0097,
ff9f,
fdf1,
fe40,
febf,
00ae,
ff6c,
0139,
0005,
0006,
ffce,
fefd,
004a,
fd7a,
fd8f,
0132,
fdf9,
fdb7,
001e,
0140,
0053,
00c0,
0013,
026e,
fdd8,
0090,
0091,
ff4c,
fe14,
ff69,
016f,
ff6b,
ff51,
ff1d,
ff7a,
ffb3,
0002,
fee3,
fdf7,
febc,
00fb,
0194,
ff71,
ffd0,
ff94,
fd33,
fecc,
013f,
ff68,
0289,
0141,
0177,
ff26,
ffe8,
fef6,
fde9,
005b,
feff,
ff87,
fed9,
ff3f,
006b,
014d,
0274,
fe54,
ff15,
00a5,
fffb,
ff5d,
ff5a,
ff16,
ffd0,
ff2b,
fdb8,
fd49,
fe53,
0030,
fe13,
0258,
0324,
0165,
fffd,
fea3,
ff8d,
fe82,
ff08,
fdfa,
fbc9,
00d1,
fe0c,
fdf8,
fe4e,
0194,
feb2,
0061,
0211,
fe05,
00e4,
fef0,
0149,
fdd2,
ffee,
009c,
ffae,
0049,
0188,
00aa,
fec1,
01d5,
fedb,
fe28,
fda5,
0074,
0246,
007b,
ffdf,
0002,
ffeb,
ff18,
004b,
0213,
00e3,
ff4e,
007c,
fe51,
ffc1,
febe,
fcf1,
007c,
ff83,
012a,
0132,
0194,
018a,
ff02,
ffde,
007f,
ff8a,
fff6,
0111,
0127,
ff94,
fe79,
ff7d,
00fe,
0083,
0089,
fe45,
0134,
0005,
fdc5,
004f,
fdc0,
febb,
ff48,
fec2,
fe54,
fcc0,
ffbf,
01cc,
fe84,
011d,
009b,
fea5,
00bd,
ffae,
00fb,
ff9b,
ff76,
fdf3,
fe2c,
fc09,
0001,
0007,
00e4,
fd2f,
01c6,
ff92,
012f,
ffdf,
ff12,
fd76,
fe96,
fffe,
fcfb,
febf,
0011,
fdf0,
0010,
fcce,
ff06,
0003,
ffe9,
00cc,
0285,
0196,
0119,
001f,
ff7b,
000a,
fd75,
ff32,
011c,
ff6c,
fd23,
feb1,
ff47,
0041,
0050,
fe6f,
fdd0,
00bb,
feb1,
ff71,
00b2,
0083,
ffc3,
00f9,
01ab,
01eb,
ff41,
00a9,
fe48,
fd3f,
fee3,
fe81,
fe75,
ff05,
01f0,
ff9b,
ffb4,
0252,
ff4e,
ff9a,
feea,
fe16,
ffeb,
01c2,
ff4e,
ffa3,
ff8a,
feb0,
0021,
0033,
0003,
ff20,
012e,
02df,
00dd,
feb6,
0125,
02de,
fe64,
ff79,
012b,
0202,
fe8e,
fde8,
001d,
0161,
027d,
008a,
fd79,
00cd,
ff4f,
ff15,
ff3c,
0081,
ffae,
ff40,
fd2d,
febe,
ff10,
0053,
feab,
0148,
0085,
001e,
fdf6,
020a,
ff72,
0051,
fe94,
009b,
0235,
ffc3,
fdde,
febd,
fecc,
fe67,
fe5b,
ff2b,
00c5,
ff8d,
fdf2,
01fc,
002e,
0091,
fe06,
ff45,
ff3f,
ffd6,
fe44,
feb2,
ff87,
000c,
0028,
0178,
ff62,
fee9,
ffce,
ff20,
010b,
02da,
01b3,
02a7,
006d,
0189,
fd95,
ff8c,
fef3,
fdb1,
ff60,
ff79,
0224,
007a,
ff8c,
ffc5,
0059,
fea8,
ff3f,
ff6d,
fec2,
000e,
fd6f,
fe5e,
01c2,
feb0,
fdb2,
ffb6,
0022,
000c,
0017,
01ec,
fdd7,
01f1,
01e6,
0048,
ff30,
00d6,
0113,
ffd5,
0161,
0153,
00d5,
ffea,
01c0,
ff3c,
fed2,
fe64,
ffd8,
fffc,
ff05,
fe25,
0207,
ffa7,
fdf9,
fefe,
0044,
ffaa,
006b,
ff38,
00a5,
004f,
001f,
fec5,
0051,
fe8d,
ffc2,
feb2,
008c,
002a,
ff86,
006c,
0076,
ffc8,
0056,
ff01,
ff09,
fee0,
0037,
ffaa,
0091,
0016,
fea8,
0096,
ffcc,
ff20,
ff77,
ff22,
0089,
ff9e,
fefa,
ff60,
00f4,
010a,
0038,
ff52,
ffdb,
ff5a,
ffd6,
0041,
0045,
ffd5,
0021,
fff3,
fee5,
ff12,
0063,
ff5a,
ff2f,
ffcc,
ff2c,
fed0,
fef3,
007b,
ff9f,
ff4c,
ff90,
ff6e,
0064,
0089,
ffa9,
ff26,
00b3,
ff6e,
ff5b,
00b4,
ff48,
00a2,
fef1,
ff41,
ff35,
00db,
fee8,
002f,
ffa2,
0030,
0014,
feab,
0073,
ff59,
ff59,
ffa2,
ff99,
ffec,
fed9,
005a,
007d,
ff17,
ff23,
ff3d,
0080,
00e0,
0102,
00c8,
fecf,
ffda,
006e,
ffb5,
ffdd,
ff8e,
0007,
ff0d,
ff1f,
ff74,
ff4c,
007d,
0007,
004b,
fff8,
0063,
007c,
0063,
006e,
fee0,
0023,
011d,
0028,
004c,
ff36,
ffce,
fed7,
ff80,
ff1c,
ffbd,
ff87,
00d0,
005d,
ff11,
006e,
ff07,
ff4c,
ffe6,
fef6,
0015,
0016,
0066,
fede,
ff55,
ffd6,
ff34,
ffca,
fef6,
009a,
ffe6,
ff88,
ff89,
ffa2,
ffd1,
ffce,
fee7,
004c,
ff57,
00ac,
00ef,
ff19,
ffba,
ff56,
0081,
ffb5,
ffee,
ff75,
0015,
fec6,
feff,
ffc6,
ffa8,
0006,
005d,
ffee,
0064,
0025,
ff4f,
00ba,
ffd9,
006e,
0008,
ff23,
ffe7,
004a,
0140,
0096,
ffab,
0026,
ff32,
ff59,
ff89,
ffe9,
ff2a,
feab,
ff0a,
ff7e,
fed9,
ff79,
000b,
ffd1,
ffbb,
febf,
0078,
feee,
ff4c,
00b0,
fefe,
005a,
0043,
ffdb,
0028,
ffdb,
ffea,
005a,
ff0a,
0048,
0065,
ffb0,
fef7,
00a2,
fee0,
00a3,
ffd3,
000f,
ffa7,
0027,
ff3d,
00f1,
ffc6,
ffff,
005c,
ffa2,
fff2,
ff50,
ff95,
fecf,
ff29,
0049,
ffa5,
0010,
007a,
005c,
fede,
0045,
ffd6,
ff2e,
0038,
0068,
00a1,
ff8a,
007c,
fee2,
fedb,
ff86,
ff68,
ff04,
ff16,
fbad,
fcce,
ff79,
0066,
fe38,
ff65,
00f3,
0116,
00ce,
00c3,
0060,
fe89,
ff06,
003b,
ff23,
ff41,
00a2,
00cc,
0014,
ff67,
ff42,
ffd8,
01d1,
ff5d,
0089,
0003,
00f6,
006e,
fe6b,
00b7,
0057,
0035,
ff4e,
009a,
0092,
0123,
fd9c,
ffda,
ffb8,
00bc,
fea7,
ff9d,
ffd6,
0048,
ffdf,
002d,
ffa5,
013f,
fed3,
ffe9,
fd61,
fdca,
02e2,
0086,
0159,
fe2a,
ff63,
ff35,
0108,
00b8,
fe05,
fecf,
fec1,
ff87,
feab,
ff88,
fddc,
fd2a,
ff68,
fc43,
ff0b,
0131,
00ec,
fecb,
fd9e,
0189,
0198,
fe56,
febc,
ffc4,
0172,
016a,
00b3,
fce1,
fffb,
001a,
004c,
fb50,
021a,
009c,
00e5,
febd,
ff70,
0198,
fea0,
ffa0,
fdfc,
005c,
00a0,
01b2,
01a1,
00f2,
ffa1,
0077,
00cd,
0015,
ff32,
fb94,
01d5,
009e,
0060,
fdaa,
fdbf,
ffc9,
001d,
0039,
fec8,
ff14,
feb2,
fd60,
01e1,
012c,
ff81,
fc83,
01a2,
00c2,
016c,
00c0,
fd57,
fe93,
ffdc,
0125,
fde1,
ff95,
00fd,
01d3,
ff60,
00cd,
ff66,
fe21,
0190,
0199,
ff84,
fba9,
00dd,
ff58,
0101,
fecd,
fdbd,
feaf,
ff6c,
011a,
fe42,
ffde,
00e6,
ff1a,
fe15,
014e,
00bc,
ff01,
fddf,
fdf2,
0077,
fd81,
ff92,
fe1e,
fe47,
ff73,
0104,
ffb4,
ffd5,
ffb1,
0300,
ff4c,
00cf,
0271,
ff1f,
fe3b,
fffd,
012e,
ff21,
01b2,
fed8,
ff40,
00f9,
014b,
ff13,
fea8,
ff69,
009d,
0013,
fd9f,
0229,
fff7,
fdcb,
feba,
0201,
ffca,
ff5c,
007c,
0016,
0113,
0099,
fe8a,
002e,
00fe,
fefc,
ff4a,
fe9e,
ffc3,
fcb5,
0072,
018b,
0113,
ff58,
fcc1,
0259,
00f9,
fed7,
fe37,
0154,
00f6,
ff88,
ff69,
fffb,
0134,
fef6,
fdf9,
0315,
020b,
ff37,
ff4f,
0014,
0083,
fe53,
ffc9,
fecd,
fe2f,
fe52,
ff31,
fc2b,
fc3a,
0111,
fe1a,
fb29,
01be,
018c,
00fe,
001d,
ff26,
023e,
01e7,
fe6c,
00a1,
0002,
fff8,
ff53,
00b1,
ff42,
ff8a,
00c1,
0076,
fffb,
001f,
0099,
001a,
ffd8,
ff5e,
ff1b,
ff54,
ffa3,
feab,
00a6,
fef9,
ff4a,
001c,
0075,
ffce,
0033,
ff81,
fee1,
feb2,
ff29,
ff4d,
fe60,
ff7a,
ff3a,
0021,
fe82,
ffb0,
001e,
ffe0,
fe8b,
fe8f,
0034,
ff23,
fe64,
ff0c,
00a4,
ff95,
0010,
fefa,
fee5,
ff3a,
006c,
ff4a,
007d,
ff41,
feaf,
ff6d,
fee1,
ff44,
ffad,
ff4c,
fe66,
ff6d,
008f,
ff3c,
ffe5,
ff56,
ffd2,
ff3f,
fee8,
00cd,
0027,
0007,
ff83,
ffe8,
0027,
0038,
ff33,
0080,
ff7f,
ffc7,
ffef,
ff81,
0032,
ffcd,
ffcc,
ff13,
ffdc,
ff06,
ff49,
ff45,
fe70,
ffdb,
00cb,
ff4a,
005e,
fff6,
fffd,
ff3a,
ff6f,
ffb4,
ff28,
feac,
ff75,
ff8f,
ff46,
ff1b,
ff72,
fec0,
ffd1,
0071,
000b,
fe55,
ff30,
ffa3,
ffbd,
0091,
fedc,
00d8,
fe97,
fed6,
ffa1,
ff6e,
ffec,
006c,
fe6b,
006e,
0038,
ffb4,
ff29,
ff91,
ff84,
0002,
ffa0,
ffd3,
ff34,
ff3b,
007a,
ffa0,
000f,
0005,
00c4,
ff17,
ffd1,
ff6a,
008d,
ff76,
ffc3,
ff1d,
ff85,
0041,
ffd4,
0005,
ff77,
ff57,
0044,
ffcc,
ff58,
00a3,
fedd,
fff8,
ff5d,
001d,
0018,
ff0a,
fec3,
ff2e,
ff11,
ffc7,
fec2,
fef9,
ffde,
ffee,
ff1a,
fef7,
fe8e,
ff14,
00c2,
ff30,
ffe9,
ff48,
000c,
fef4,
006d,
ffba,
ffcb,
ffc1,
006e,
00b3,
fea4,
0018,
fec2,
002e,
fff0,
0003,
0060,
0025,
0066,
ffed,
ff4e,
fecc,
ffa2,
0052,
ff81,
ffd3,
ff65,
00aa,
0004,
ff6f,
00c0,
ff92,
ff90,
0092,
003f,
ffec,
fff0,
ffc7,
ff51,
ff54,
ff92,
ffdc,
fefa,
feec,
ff05,
ff83,
ff5d,
ff75,
fee4,
fed6,
fefc,
febb,
0038,
0099,
fefe,
fe5c,
ff69,
ff5a,
0037,
0032,
fed3,
ffdc,
ff83,
fef6,
005a,
ffb8,
ffce,
0003,
004e,
0021,
feec,
fefa,
ff10,
ffa9,
0055,
ff9f,
ff1a,
fe94,
ffac,
0066,
0086,
014a,
ff42,
fe97,
0060,
ff09,
fe0b,
ffda,
fe84,
ffd4,
013a,
01c4,
fef1,
ff82,
ff2e,
fdfe,
fe62,
0128,
ff5e,
026f,
ff25,
0160,
0082,
ff06,
0009,
0033,
ff59,
0089,
00ed,
ff9f,
009f,
fec5,
ffb9,
0142,
0087,
0161,
0102,
ff6f,
ff89,
01c3,
0275,
ff5a,
fed3,
0090,
0473,
fede,
ffca,
0081,
0291,
0017,
ff63,
fda7,
01cf,
00c9,
ffb4,
fe5f,
fd88,
010d,
fefc,
fef8,
fe69,
00d3,
ff12,
01a4,
fffa,
fc8f,
fe14,
fee7,
01f5,
0082,
002c,
fd1b,
fe97,
ff3a,
ff75,
0136,
fee5,
0148,
ffb2,
013a,
ffb3,
ffe5,
ffe2,
005a,
0395,
007d,
fe8e,
fe9e,
0185,
00a0,
00a6,
0089,
0130,
ff10,
01a7,
ff98,
0052,
0190,
0075,
0181,
0035,
0121,
0111,
02c4,
00da,
00e7,
0111,
0040,
fdf1,
fdae,
febe,
fcaf,
013e,
fee4,
0022,
0191,
0068,
ff7c,
ffc9,
ffda,
fe85,
0195,
fe86,
ffd2,
ffe3,
fe9c,
fdfb,
f9d3,
0103,
0087,
0161,
0014,
00a8,
00d2,
0144,
0131,
0216,
002b,
0197,
ff80,
0081,
fe6c,
ffa2,
ffbf,
fe3c,
0093,
008a,
0340,
0215,
00cd,
ff59,
fdf0,
0011,
00b2,
0072,
ffce,
02b4,
ffe2,
0098,
fd40,
027d,
00db,
fe5c,
fddc,
0340,
018b,
007c,
fd94,
015d,
fd6b,
ff0a,
01ba,
01d5,
00fb,
ffe2,
02ef,
ff24,
00fd,
02bc,
014d,
ff30,
0085,
0152,
00c6,
ff4e,
00a4,
002c,
00d7,
ffc4,
febb,
fc68,
fdb2,
fe56,
0073,
fe95,
00b2,
fead,
0075,
0033,
01f9,
fc1a,
fde2,
0003,
0121,
fddb,
0214,
0408,
0215,
0133,
001e,
0109,
ffc2,
feea,
0083,
00d4,
00a0,
feba,
014b,
ff0e,
002d,
fbcc,
fea3,
fcb0,
fd84,
01cd,
ff36,
fea2,
010e,
ff21,
004e,
0138,
0287,
000a,
00af,
fed2,
fe32,
fe40,
fd39,
fe00,
fc4c,
ffc2,
0002,
fe28,
fdbc,
01e6,
ffa2,
ff54,
00b3,
012b,
fea7,
023a,
017a,
018c,
024f,
008d,
0134,
ffa1,
00ce,
ff00,
ffa7,
ffc1,
ff5b,
ff22,
006a,
027f,
02f5,
00be,
017e,
00a2,
0089,
ff0d,
ffe0,
feb9,
0090,
fe74,
fe32,
03eb,
016d,
0098,
0048,
0260,
003f,
ff45,
0252,
00b2,
0017,
00ec,
fe27,
001a,
00a8,
fe22,
fc83,
fbb6,
ffd4,
0108,
fdbb,
fe9f,
00b3,
019a,
feab,
fdbc,
fd8c,
fe67,
0084,
00a0,
ffe0,
0093,
00ec,
02d6,
0250,
002f,
ff9a,
0204,
0092,
fee9,
004e,
0284,
ff26,
003c,
0024,
fecf,
00c7,
00c7,
0050,
ff8a,
fd82,
0025,
0115,
ff60,
fed2,
fe60,
fcc3,
0279,
0114,
fe67,
fec6,
00ee,
0016,
005b,
00c9,
022c,
fd8b,
ff9b,
007a,
00ab,
feaf,
ff8c,
fdfd,
00a1,
0029,
fd7a,
fbf9,
fc62,
fd00,
fe27,
ff3b,
008e,
001f,
fdd2,
ff96,
0348,
0263,
0209,
0357,
0033,
fedf,
ff9d,
fee1,
fd36,
fee6,
0057,
fd73,
feb0,
00a2,
ffae,
01b1,
0159,
0053,
ffc0,
0080,
0126,
0046,
feec,
fc60,
fb14,
fc46,
ff3d,
fe7b,
fc86,
feae,
ff74,
ffcc,
0223,
00c9,
ffc0,
0190,
fe93,
00f4,
00c2,
ff85,
0110,
00e7,
0017,
0074,
003c,
00e7,
01ae,
023c,
002f,
0038,
017f,
0057,
0167,
ffba,
ff54,
ff4e,
ff51,
ff49,
0353,
04c3,
00c4,
fecc,
00f7,
01f3,
ff97,
00a3,
ff26,
fdf7,
0111,
01fd,
ffbf,
035e,
fdf2,
ff0b,
fef1,
fee4,
0098,
01b6,
00e4,
ffa2,
00ae,
ff9e,
0196,
fe36,
0147,
019a,
feca,
ffea,
00ea,
00af,
0010,
00c8,
0158,
0103,
fe6b,
fe29,
ff6b,
007b,
0200,
ff68,
ffe5,
01ad,
0192,
0086,
fe81,
fae0,
ff5f,
0016,
01b6,
ff48,
fec0,
0126,
025a,
ff8c,
ff23,
0095,
0136,
fe4b,
ff78,
0096,
fbcb,
fb80,
fdc1,
020f,
008d,
0148,
00ed,
fe63,
027f,
ffcd,
ffd9,
ff38,
012f,
fe52,
0139,
02e5,
01f1,
ff6b,
fe51,
01a1,
0039,
00cf,
02d7,
003e,
0370,
fdeb,
0014,
fd61,
0158,
0126,
00a3,
fe9f,
fe6c,
ff8f,
ff70,
0105,
fd88,
fe7d,
0062,
012c,
fe48,
ff07,
028b,
ff99,
000a,
feec,
ff7d,
ff1a,
ff58,
003b,
ff5f,
ffbb,
03fb,
00fe,
fe8d,
fd0c,
0262,
0053,
ffa0,
ffe7,
00d8,
002d,
ff99,
0015,
02f1,
01ea,
011b,
ffd8,
025f,
0027,
fff5,
ff31,
fcf8,
008e,
017e,
01bf,
fd3b,
00b2,
003d,
015e,
ffdd,
fb7f,
fbed,
0090,
fc27,
fcca,
fec3,
ff82,
ff3b,
0084,
009b,
ff49,
03cd,
02e8,
fc69,
fbaa,
fdcd,
0317,
0196,
011e,
ff61,
008d,
0137,
0036,
ff5b,
fe5c,
007f,
ffe4,
fd14,
fdc3,
0112,
ff7c,
fe46,
00dd,
0078,
ff54,
0071,
0171,
fff5,
02be,
02e3,
ffcf,
01b1,
0199,
01d5,
ff62,
ff1b,
ffd9,
fe93,
ffba,
ff84,
ff30,
fffb,
ffa6,
ff03,
feed,
00d6,
ffd6,
febc,
0294,
01f6,
015b,
013e,
026d,
fec1,
ff6f,
0074,
00bb,
fdb0,
fe18,
022a,
009a,
feb2,
0029,
0075,
018c,
ff8b,
00b4,
0126,
0227,
0133,
0045,
fd69,
ff75,
000f,
004d,
ff0a,
fd56,
fc26,
fe22,
fd02,
feb2,
0202,
00ea,
0087,
02d2,
ff79,
00b8,
0047,
fe16,
00ce,
fee6,
fd9a,
ff29,
029f,
0185,
ff8a,
014c,
ff67,
0018,
00b7,
ff93,
fd30,
fd47,
00a7,
0096,
fa37,
fe6f,
018a,
02a6,
fd1e,
ff48,
003a,
00c1,
ff07,
fc71,
ff04,
ffe4,
ffd4,
ffa7,
ff20,
fe7a,
ff48,
fda8,
0093,
ff46,
0357,
011f,
ff34,
011b,
ffcd,
fe67,
ffa8,
004c,
fe6a,
fec5,
fedd,
00ec,
ff75,
0012,
01cb,
010f,
02ed,
022e,
0155,
00a8,
00db,
ffeb,
fdc0,
00c3,
fd76,
fd9b,
ff87,
0279,
fab8,
fdbe,
0006,
020b,
000e,
fd23,
fe2b,
0302,
01e1,
01b5,
004a,
042d,
fe71,
fddf,
fdac,
0091,
fcab,
fbad,
fbd5,
fcf9,
015c,
fe99,
fe80,
00bf,
035a,
01aa,
ff13,
01d7,
ff6e,
00ab,
ffd6,
feae,
00ca,
0158,
0050,
fefc,
0094,
0100,
ff9e,
ffcd,
ffb7,
0021,
0208,
feea,
00ad,
007e,
fe6c,
fd34,
fff0,
ff55,
ff77,
fecc,
fecc,
ff42,
fe3a,
fd5b,
003b,
0216,
0019,
0299,
ff9e,
ff24,
00bc,
0133,
0039,
fe01,
ff3e,
0090,
fd12,
fea1,
ff69,
ff55,
ff6a,
fd73,
fefc,
02ec,
ffe3,
ff5f,
fdba,
fd57,
ffdc,
fdbd,
fe95,
fe51,
0398,
0083,
ff3f,
015e,
02ef,
fed3,
ff60,
00aa,
007e,
ffe4,
02cf,
029f,
ffdd,
00aa,
0058,
036c,
fee5,
ff94,
0040,
0305,
fcbe,
ff75,
0347,
0161,
0112,
ff20,
00e2,
ffc1,
01da,
00ef,
fd4a,
ff66,
fd5c,
0009,
ff8e,
ffe3,
004f,
003e,
00f1,
fd3a,
ffd8,
011e,
00c2,
ff93,
0188,
ff9b,
0043,
ff8d,
0092,
ffc0,
ffc3,
016c,
fe55,
ff6a,
0087,
0002,
01b9,
ff3d,
ff28,
fe60,
0096,
000b,
0069,
fd6b,
004f,
0087,
00e4,
016d,
0036,
ffb5,
01a1,
01f9,
ff90,
fede,
fee4,
fc95,
fe84,
027e,
ff14,
fce5,
010d,
0463,
0007,
ffae,
ff54,
009a,
00f4,
010f,
0092,
fec2,
fea1,
012a,
0113,
007e,
ff7b,
fe11,
01b2,
01dd,
0037,
000b,
03b2,
0056,
fed6,
ffda,
fe70,
00d4,
0063,
0121,
fddd,
01c7,
0186,
0114,
fd42,
0085,
ff6e,
fe62,
0041,
001b,
fde2,
00cf,
01e4,
01ad,
0368,
016c,
ff96,
01ba,
01ab,
fcb4,
ff3e,
007b,
017a,
ffba,
fe81,
00cc,
040c,
fe1f,
004c,
02b7,
fff8,
ff0f,
006d,
019b,
ffda,
fe34,
02b5,
00e8,
ff8b,
fe34,
00f3,
00bb,
0148,
0022,
0011,
0142,
01e0,
0237,
0088,
0167,
010f,
fff6,
006e,
0138,
0106,
fec6,
fe8e,
001f,
0259,
037e,
002e,
0056,
ff94,
ff8d,
0148,
01e2,
0188,
00d6,
ffb2,
0133,
0205,
021e,
fe83,
fe67,
ff68,
0010,
ffbe,
ff84,
00ef,
0146,
007a,
00ee,
01a5,
0283,
001e,
ff66,
0120,
01fa,
fd33,
fd75,
fef3,
ffca,
020a,
ff40,
01f6,
000a,
0122,
ff50,
fff3,
fe0f,
ffc3,
ff7c,
fce9,
fb36,
fde4,
fcef,
fd11,
ff1b,
ff3e,
003f,
ff45,
ffbc,
0019,
0120,
0046,
ff82,
003e,
0056,
fffa,
0018,
0050,
01c7,
00ed,
00f5,
00f8,
01d4,
ff96,
ff1b,
ff38,
00cc,
026c,
01c0,
ff43,
00fc,
0161,
fe96,
ff4f,
fe46,
0047,
ffe3,
ffb8,
ff8e,
0008,
fd81,
ffac,
fdf3,
feaf,
000d,
ffe4,
fea0,
fe4f,
00a8,
0210,
0011,
fd73,
fe04,
ff25,
fd6b,
fe6c,
fc10,
01c3,
016d,
011b,
ffac,
fe38,
ff6b,
0099,
ffac,
fffa,
fed2,
ff53,
fe73,
00d7,
fe12,
fd2a,
fdff,
01be,
0060,
febc,
fdc3,
0096,
000e,
fef3,
0226,
0091,
ffb9,
0086,
025d,
fe4e,
fea3,
ffde,
fe8a,
feec,
ffb8,
ff2e,
fc9d,
ffae,
0130,
fecc,
ff67,
ffae,
0183,
ffaa,
00b1,
0077,
031f,
0166,
0164,
0071,
005b,
fff4,
0173,
0007,
fed8,
ff37,
fd7c,
016f,
0079,
fefb,
fcf1,
fd0b,
febe,
fff5,
007e,
0142,
009d,
febb,
ffa5,
ffe5,
0023,
fe8b,
ff0c,
ffcf,
00f3,
001f,
fc6f,
fee2,
ff27,
0014,
0014,
008d,
ff37,
00c8,
011c,
014f,
0117,
00c9,
fe1b,
01cb,
0053,
ff50,
fbb6,
ffd1,
008c,
014a,
ffbe,
ff55,
00f0,
0174,
00cf,
ff3f,
0020,
ffec,
fd19,
ffa7,
00a1,
0188,
ff03,
ff61,
fe38,
fd65,
fde6,
00de,
00cd,
fdbc,
fe29,
ffea,
01b8,
fe35,
0068,
fe4b,
0070,
0107,
025f,
0068,
ff86,
0224,
0052,
0069,
015c,
ffde,
ff2e,
ff77,
01f2,
ff3c,
fecd,
0029,
031f,
fe50,
fff3,
00f7,
ffcb,
fefb,
fddd,
00aa,
0045,
006f,
ffd0,
fc02,
fecd,
ffb7,
ffd5,
ff73,
005a,
0005,
001d,
003e,
0144,
feea,
00a8,
0234,
0108,
ffdf,
fe40,
018c,
008a,
ffaa,
fe0a,
ff26,
fe74,
fe09,
ff24,
0036,
01d3,
00ea,
ff67,
0130,
0216,
005e,
02fd,
feb6,
0013,
0014,
fead,
ff34,
ff05,
fd11,
fd20,
fe81,
fe53,
ff3a,
005c,
fdea,
0245,
0154,
0166,
ffc8,
ff57,
ff5b,
0114,
ffa0,
016b,
01ae,
0020,
0087,
00ad,
ff7e,
fd5c,
ff7f,
ff2d,
00cc,
010e,
0279,
feef,
009a,
0127,
ff85,
ff5d,
fe38,
fffa,
fd7b,
015b,
0142,
fda9,
fbaa,
ff20,
01c8,
00c9,
00da,
0176,
fe93,
0061,
020f,
038b,
0175,
ff30,
0017,
ff96,
0146,
0076,
002f,
0001,
012f,
00ce,
01a5,
fe1a,
fe94,
ff61,
00ad,
0391,
0005,
fe5f,
00c2,
ff63,
01cb,
00b3,
0044,
ffbe,
ffe7,
ff54,
ff6f,
fe06,
0124,
ff43,
fbc2,
fe64,
fee7,
fe3d,
0109,
02a7,
050f,
0216,
005e,
0124,
fdf7,
fe57,
ff33,
0002,
fd35,
fd0b,
fdfd,
ffe1,
00da,
ffb1,
ff3f,
ff4d,
fffa,
fcb8,
fec7,
021c,
ffff,
fd90,
fe3a,
00d4,
fd58,
fab7,
fdf9,
0101,
0148,
fffa,
fc7f,
ff91,
0019,
feac,
fd1d,
fda7,
0000,
0024,
ff46,
ffcb,
0064,
fe4f,
0169,
0191,
ffca,
ff56,
ffd6,
01f4,
ff9d,
01cc,
004d,
ffe5,
fe98,
0177,
0182,
ff19,
fe64,
fe4a,
ff77,
fe07,
fdd0,
fe24,
feae,
feac,
0038,
fffe,
00c6,
002f,
ffbb,
0039,
ff6d,
ffff,
01a1,
ffec,
0177,
0121,
033a,
00ae,
ff9b,
ffa9,
0145,
0167,
fedc,
01e0,
ffcd,
fcb6,
02c2,
005c,
fdc2,
0005,
01ca,
014b,
02de,
001a,
0046,
006a,
021c,
fedc,
ffdc,
ffd0,
ff4b,
fc1a,
ff2a,
ff67,
0161,
fefa,
fe5f,
ff70,
ff3e,
ffbe,
00cf,
fe7e,
ff45,
0253,
00cd,
ffad,
fd66,
ff6d,
0296,
ff67,
00e7,
00da,
0138,
000b,
01f2,
fe5a,
fe60,
ff07,
0195,
ff23,
0050,
000e,
0123,
ffbf,
ffa6,
fead,
fe06,
0122,
fd3c,
fbe1,
fb6b,
008a,
fdcb,
fe1f,
fea4,
ff10,
fdb0,
fe3c,
fe76,
fda4,
ff54,
ff17,
00b8,
fe6d,
fffa,
ff9f,
ffc3,
ff70,
fcb0,
fee5,
fee6,
fdef,
fd54,
fde9,
fefe,
0011,
ff50,
ff5c,
ff6b,
fe08,
ffe5,
0178,
fe72,
fdb9,
0226,
ffdb,
ff2d,
014d,
000e,
00c9,
008c,
fdda,
ff6a,
0191,
ff59,
03e7,
0098,
ffe6,
008a,
0179,
01c0,
0233,
01d9,
00ca,
0159,
00cd,
ff7c,
ffb8,
fecd,
ff47,
fd6d,
00c7,
fcb9,
003a,
fd38,
fdab,
feb2,
ffac,
ff9f,
0191,
00fb,
ff42,
0095,
00ae,
fede,
00c2,
ff56,
0091,
ff87,
fe4f,
fd58,
fc7d,
0129,
01ea,
00da,
0031,
0042,
ffb0,
0012,
0011,
008a,
feb6,
0147,
fcd4,
0092,
fa04,
fe49,
fef5,
fe66,
fddc,
fd36,
ff63,
01cf,
00da,
feda,
ff29,
0123,
00a2,
fe0b,
ff0c,
fedd,
fe4d,
01c2,
0282,
00a4,
fe3e,
fdc7,
0032,
0071,
01c7,
018f,
01b5,
ff0c,
ffef,
019f,
02a0,
007e,
0070,
ffc5,
fd6a,
ffbd,
fffe,
0087,
01df,
02a0,
0210,
00e5,
010a,
ffd5,
0141,
0003,
02d6,
00ec,
ffca,
0295,
014a,
000a,
ffb7,
0157,
00dd,
0085,
00d8,
01c0,
007c,
0133,
00bc,
0006,
ffc1,
fe89,
fdb2,
ff72,
fde6,
020a,
0001,
000e,
0121,
014a,
0043,
0031,
fe64,
ff11,
0201,
01ca,
ff68,
ff05,
fcd3,
fa53,
f951,
ffc6,
ff3b,
0182,
0077,
feb8,
00d0,
028d,
01b0,
fff3,
ff32,
01c8,
fffa,
0019,
ffda,
0048,
0013,
fed4,
fecc,
0051,
0170,
01de,
0100,
fe83,
00aa,
ff06,
0128,
0155,
01d4,
00ef,
ffa0,
fcba,
fc51,
ff71,
ffa9,
0158,
ffce,
0214,
009a,
00fb,
00f0,
0158,
ff62,
00e5,
0467,
00cf,
01f2,
0174,
0144,
ffe2,
0163,
026e,
015e,
ff99,
fe6c,
ff80,
ffcc,
ffbe,
0098,
00ef,
ff4d,
fe7a,
fd2f,
fa12,
fa60,
ff2f,
001f,
fff3,
01e7,
0259,
010b,
0174,
ff5f,
013f,
ff73,
fed4,
ff1a,
fdda,
03cb,
056b,
049a,
005e,
0043,
00c7,
ff63,
fffd,
0048,
013f,
ff96,
0227,
01a4,
febb,
00af,
fd3f,
fe65,
fca0,
ff70,
000c,
00b8,
0070,
01d3,
007a,
0094,
0149,
0062,
00ee,
014b,
ff06,
0017,
ff3a,
ff9b,
feea,
ff02,
0115,
0134,
fe5d,
ff9e,
02ff,
ff9e,
ffe3,
011d,
fda2,
fefc,
fe95,
ff94,
01c4,
0055,
fb2e,
fe1f,
0123,
fd93,
0096,
010f,
00a2,
ffcf,
ff35,
ffeb,
fd16,
00f5,
fdf1,
fdf5,
ff2d,
010b,
fef5,
fd13,
0024,
00b5,
fee3,
ffd4,
03b9,
0159,
00e2,
0152,
ffae,
01f4,
005f,
00d4,
ff15,
015f,
ff8f,
fed3,
feb9,
ffb8,
00d1,
ff3d,
fdce,
fe7e,
ff3e,
fd8c,
f90f,
ffdb,
01af,
fe88,
fc9b,
02e3,
03a2,
029b,
00b9,
026f,
ff91,
fcf8,
0345,
01b1,
ffdf,
fcf0,
01b4,
008e,
0258,
fd61,
017a,
ffdc,
ffc3,
fc24,
fd32,
fec4,
ff51,
01e7,
fd51,
fd36,
0282,
041b,
0203,
ff82,
018b,
01cf,
0092,
fd2d,
011f,
013f,
ffd4,
00db,
01c4,
ff60,
ff9a,
0110,
012d,
fe4f,
01da,
ff2f,
ffa7,
fee5,
ff60,
fbfd,
ff4a,
ff4f,
fd40,
00c0,
ffb5,
01c6,
fc1d,
0080,
00e0,
009a,
0142,
015a,
ffd8,
ff72,
0065,
004a,
ff8c,
fee7,
fdd3,
ff26,
febf,
0177,
ff0e,
fe9b,
fe34,
ff9b,
ff79,
ff0c,
0038,
ffe9,
021c,
ffa3,
0153,
022b,
fd9f,
ff77,
fee8,
fde8,
fd91,
0037,
00b6,
0175,
fa77,
fe5a,
ff27,
fffe,
fdee,
009a,
00e6,
ff24,
ff7b,
0009,
ffb6,
ff0e,
0001,
0098,
ff76,
0047,
01bb,
00d3,
00d5,
0158,
fea0,
ffac,
fff9,
00f4,
0025,
fec3,
ffc5,
ff0a,
0007,
ff33,
ff34,
0361,
0272,
00b6,
ff99,
fe32,
02e8,
00f8,
fe30,
fdcd,
ff21,
fe00,
ff8b,
00c0,
fefd,
00fb,
0118,
0180,
ff21,
ff35,
0258,
0098,
ffa3,
014f,
015a,
0091,
0370,
ffc4,
ff78,
ff4d,
0246,
0291,
0048,
0044,
025f,
ff58,
fd92,
fbbf,
01ef,
ffe1,
f995,
f831,
0105,
fe42,
ff21,
01eb,
0071,
fdf6,
ffc3,
01cd,
0167,
0115,
ff19,
ff68,
0023,
0155,
011a,
fc2f,
0077,
00ff,
00ba,
02aa,
01f1,
020d,
fdec,
fe16,
0104,
01a6,
ffbe,
fe47,
0290,
02aa,
00e7,
f961,
0188,
fd86,
ffba,
fde9,
ff05,
0145,
002c,
02e0,
030b,
0045,
fe2e,
ffc4,
ff9d,
fed8,
ffd0,
0122,
0028,
fa0c,
fda9,
00c7,
ff23,
00a0,
005b,
00f2,
fee3,
00ec,
ffe2,
012d,
fd71,
0011,
008e,
00d9,
fe87,
00fe,
ff33,
0083,
00ce,
009c,
0219,
0174,
0051,
02df,
fde2,
000e,
0004,
0032,
fe8b,
fdcb,
fe2e,
ff7d,
00c1,
0208,
fe10,
ffc2,
0225,
01f4,
fd7f,
fe03,
fe33,
ffba,
fbc5,
fc0e,
fef2,
fd7c,
00f7,
0116,
00fc,
fc78,
0279,
00a2,
004d,
febd,
0312,
0120,
0204,
fd07,
fea7,
fff4,
0227,
ff5d,
ffd1,
008c,
ff7a,
ff55,
fd3e,
fee2,
ff1f,
ff57,
01af,
0018,
fd27,
ff8d,
00f6,
006b,
ffba,
005a,
01ea,
040f,
0329,
01dc,
0054,
01bb,
006a,
fe27,
0122,
00f1,
0023,
fc42,
0076,
ff86,
fe31,
fdb2,
fee5,
fda1,
0006,
00f0,
fef1,
003c,
ff21,
01ae,
0005,
004a,
0076,
0034,
ff50,
003e,
00b9,
ffb2,
00c2,
0035,
012d,
0195,
00e9,
fe89,
fefe,
01a9,
025b,
ff4b,
0035,
0071,
002e,
ff3c,
ffc9,
ffc3,
fe4a,
ffcf,
ffef,
0146,
fd67,
fc48,
ff54,
0015,
ff84,
008c,
fff2,
ffa9,
ff6b,
ffdf,
ff4b,
ffcc,
ffb5,
0172,
0173,
0065,
0024,
ff3f,
0051,
009c,
fe72,
00a3,
00b5,
0059,
fcfe,
fd65,
ff8e,
0041,
fdd3,
0007,
ff22,
0113,
fe4a,
fdce,
fde8,
00d6,
0068,
009a,
fe93,
0098,
0285,
02da,
ff9c,
ffd9,
0041,
fd10,
fd2f,
0184,
0288,
ff23,
ffb5,
010e,
fdeb,
0007,
febe,
0041,
fecb,
ff16,
0237,
0058,
0108,
015f,
006d,
0034,
0155,
0007,
022d,
ffa4,
0204,
0141,
02b4,
ff6a,
00df,
00b7,
002b,
fa7a,
ff8d,
fd37,
fc92,
fdbd,
00e1,
0044,
fd68,
fc49,
024d,
ffb5,
0107,
001d,
0169,
01ef,
0244,
fd30,
019d,
fec6,
ffb2,
fc7f,
0225,
0062,
ff76,
fd6f,
ff6a,
ffd7,
0186,
0250,
feac,
02e0,
0382,
0095,
ff84,
ff86,
000a,
003e,
ff2a,
ffb8,
006d,
0172,
ffdc,
01b7,
feb5,
ffcc,
fef3,
fecf,
fedf,
0259,
0083,
01b8,
ff86,
ff4b,
0233,
003d,
fe51,
fee4,
fe89,
feb3,
fea9,
002d,
ff73,
ffb6,
ff7b,
016f,
005f,
fefa,
008c,
00df,
0076,
fdea,
003e,
000e,
ff20,
fdf5,
fe44,
00f8,
fe08,
ff77,
00c2,
00f1,
010e,
00ee,
fe87,
fee7,
01fe,
fee1,
ffc6,
0031,
00e7,
ff11,
0147,
0179,
0142,
feae,
fcdb,
fea7,
feec,
ff87,
ff91,
02ba,
fea3,
ffe5,
00f1,
00d5,
ff44,
011b,
fe3c,
fee5,
ff2c,
fbbf,
0123,
0181,
fe83,
ff0d,
ff47,
006c,
003e,
005e,
ffa6,
fe69,
fe23,
ff26,
002d,
ffd4,
fe3e,
013a,
ff7e,
ff6d,
0120,
fe44,
fe8c,
0117,
00c9,
0109,
fe66,
006a,
fd75,
0029,
0202,
036a,
fe6e,
0039,
0192,
02c0,
021a,
ffad,
fe9c,
fe39,
014b,
010d,
00d7,
0123,
fefb,
ff60,
ff44,
011c,
fed6,
fe32,
ff66,
0059,
021f,
00dd,
0011,
fe2f,
0089,
0228,
ffff,
0231,
0086,
0318,
0057,
0118,
fdeb,
fdcd,
fd71,
ff46,
0234,
ffc3,
0247,
fea2,
01a3,
009b,
0141,
fe0d,
ffd9,
fedd,
0018,
008e,
0135,
00aa,
0021,
01ac,
01c2,
00e2,
00e7,
014e,
0032,
00a2,
0029,
004a,
fd82,
fff6,
0127,
001f,
fe07,
ff5b,
0051,
febb,
ff64,
0081,
0164,
01d8,
ff79,
002f,
0061,
fe91,
003b,
fe07,
ffb9,
02e1,
ffd6,
00c5,
00d9,
0161,
003d,
01c7,
fe95,
fdbd,
fec1,
fdc5,
ff55,
0043,
fe7c,
0140,
00db,
0096,
fe75,
ff28,
fee6,
fee9,
fd29,
00c5,
014e,
0452,
0023,
01d7,
01c3,
0037,
ff42,
ff25,
fe86,
0067,
fc5a,
01e3,
0451,
061d,
fe5a,
fd32,
fe65,
feb0,
ff30,
fe63,
01ae,
ffb5,
ff4f,
00a8,
0103,
ffdb,
fe8b,
ff2d,
ff49,
fe8b,
0182,
fc1a,
fe9a,
ff6d,
fe75,
ff44,
025e,
0123,
0044,
01a0,
ffcc,
00c1,
fe00,
ff36,
feda,
002b,
01b8,
00c7,
0129,
02fe,
0249,
fe7d,
ff61,
fe8e,
ff31,
fc05,
ff64,
ff3c,
009f,
ffe4,
fea3,
00a1,
fc48,
fc58,
fe34,
00dc,
fe59,
feb9,
ff14,
015a,
025c,
019b,
0073,
fe08,
00d3,
0185,
00b0,
00ea,
0004,
0277,
0177,
fee3,
000c,
fed5,
0139,
0196,
0020,
001b,
0049,
0007,
ff52,
0147,
ffaf,
fecb,
0103,
007c,
ff12,
ffd9,
fed7,
026a,
0197,
ffa2,
fdf7,
00f5,
006b,
ff64,
0103,
01f3,
fde4,
0194,
fed8,
ffb4,
ff52,
fec8,
0163,
01e3,
ff3f,
fe23,
0071,
fe25,
00eb,
ff2a,
ff5c,
fdba,
fe82,
fe39,
fff4,
01f3,
005c,
fe4c,
ff3b,
fef5,
ff70,
ff8b,
ffb0,
ffb5,
0016,
0161,
0083,
fd3e,
feac,
00f6,
0161,
031c,
0101,
fd44,
0133,
ffed,
003b,
fcdd,
fe70,
005e,
ff8e,
fdc0,
fc9f,
01ef,
fd4b,
ffed,
ff06,
ffe5,
008b,
0245,
ff86,
0085,
0026,
ff03,
01b0,
ff4b,
0002,
fcb3,
0160,
009d,
fea6,
ff27,
fdc4,
ff5b,
fec8,
00d6,
ff82,
ff30,
0040,
fe65,
0366,
00da,
006e,
fd61,
031c,
02bf,
001a,
0118,
fdd9,
ff6a,
fee0,
00b3,
feb3,
0036,
016a,
00c1,
fddb,
0103,
feb6,
fe21,
0266,
0210,
ffb9,
fe7f,
0138,
01a3,
00f1,
fe5f,
ff51,
fdc2,
ffdd,
ff7c,
fe6a,
0008,
00e4,
fff9,
fe06,
019e,
ffaa,
ff52,
00ab,
ff2d,
ff23,
feed,
fef0,
fd14,
fde8,
ffeb,
004a,
fe3e,
fe51,
fff4,
0116,
fdfd,
ff5e,
0126,
01b6,
fe45,
fe2d,
0094,
fffa,
0155,
fdd2,
012d,
00a8,
0096,
ff5b,
014e,
00c8,
01c0,
0068,
0015,
0284,
0185,
feb2,
fe66,
02df,
ff1d,
fe86,
fdcc,
0099,
fd9d,
0136,
fe2a,
ff56,
febd,
ff9d,
fdb9,
fd8a,
ff0a,
fe61,
ff38,
013e,
00c6,
ffa1,
feb5,
0316,
007b,
fe9e,
010d,
01f5,
00ac,
ffa1,
000a,
ff2d,
00a7,
ff99,
ff80,
0093,
013c,
fe75,
ff3e,
ffd9,
fffe,
fe7a,
fffb,
ff65,
ff14,
ffc7,
0098,
ffce,
fda5,
fe84,
fce9,
fcca,
fe9d,
013b,
01ac,
fec8,
00a3,
0244,
01ec,
fe39,
011a,
025b,
fef7,
0211,
ff02,
ffa3,
ff10,
fefb,
0066,
00ea,
ffc9,
ff6c,
0224,
004a,
ff47,
fe77,
00d1,
022d,
fff8,
02cb,
ff78,
fe6e,
ff65,
005f,
fd1e,
fccd,
faeb,
ffd2,
fed7,
faf3,
ff96,
feec,
fec2,
ff5e,
ffbd,
fe4e,
fe94,
ff2f,
ff27,
fdb5,
feae,
fed1,
015e,
0067,
ff31,
00fe,
01cd,
00dc,
ffb7,
ff34,
fd73,
012a,
0084,
fb51,
00c9,
0465,
0290,
fd17,
0009,
01b9,
fe19,
f960,
fd16,
fec5,
fe29,
fb20,
fdaf,
fec3,
feab,
fc6e,
fddd,
fc7a,
fec6,
fe4c,
02dd,
0005,
ffd4,
011c,
01b0,
ffc3,
fcbc,
0151,
003c,
0251,
fce3,
fdbb,
fc7f,
fcd0,
fd74,
fea3,
fb4e,
ff20,
fd4d,
fb53,
013d,
ff62,
fe41,
fefd,
00e5,
0056,
0265,
00a4,
0106,
0130,
ff74,
00ee,
fee8,
02a5,
ffc3,
fc39,
fd6d,
00a2,
0056,
00a8,
ffb3,
fe6d,
00b2,
0075,
0075,
ff4a,
ff94,
fe88,
feda,
ff19,
000e,
fe41,
00bf,
fe10,
fffe,
00dd,
ff65,
fc91,
008e,
024a,
01fb,
fee0,
0193,
01c6,
0170,
013d,
fe9b,
ff3e,
ffc1,
0027,
ffe8,
ff97,
fee8,
000e,
ffef,
fd73,
fd8f,
fb8d,
fdb6,
fc0a,
fd16,
fcab,
fef8,
fa78,
0047,
ff5a,
fe32,
ff7e,
ffc7,
ffd1,
fbca,
fe73,
fce8,
ffa1,
fdab,
fedf,
013f,
ff76,
fdcd,
00ef,
0178,
fef3,
fb73,
0175,
00f6,
fde8,
023d,
010c,
00b3,
0046,
0051,
00ca,
00d0,
ff96,
00cf,
ff3d,
ff5c,
0004,
ffad,
007c,
002c,
03a2,
ff72,
fde0,
fc0d,
036c,
fc3b,
fe02,
fdff,
fc50,
fe3b,
fbfc,
ff3c,
ff64,
fcc2,
fc9f,
fdd3,
02b5,
0071,
ff5e,
008d,
02d0,
0016,
ff9e,
02fc,
02e4,
007d,
ff10,
02d9,
fe27,
ff15,
fe4a,
0036,
02f8,
02ab,
00a9,
fec8,
04d2,
0079,
fc7d,
02b1,
01b7,
fff6,
f9fc,
fc87,
fdf0,
ff48,
feb4,
fd86,
fdba,
fe08,
ff9c,
fd99,
fce6,
01ae,
00db,
fc64,
018e,
fe17,
ffb2,
0002,
02cc,
fdc7,
006e,
01b9,
009e,
0188,
fd58,
fd32,
01d4,
fe39,
fef4,
024e,
0167,
018a,
0155,
0091,
ff54,
fedc,
fe1c,
fe8b,
fd56,
fc31,
fe8d,
ffea,
00dc,
ff62,
fef1,
0105,
0064,
fd8a,
010d,
0282,
fe38,
003b,
00c0,
006f,
006c,
febe,
fcac,
001c,
fe79,
0115,
022f,
0062,
00b8,
010e,
ff9c,
fde3,
011e,
0049,
ffa7,
ff46,
032b,
ffa5,
0342,
0263,
000d,
0068,
0104,
0090,
ffae,
00df,
fd12,
fe04,
fba6,
ff75,
fe58,
ff18,
0073,
0241,
0259,
0319,
0343,
ff2a,
fc05,
fab4,
ff1d,
fff9,
0036,
fee2,
ff56,
00ee,
00de,
00e5,
ff04,
0018,
0061,
0243,
01b6,
ff8a,
0015,
0310,
014f,
fe5a,
0040,
ff88,
0053,
00db,
0284,
03a5,
fd9e,
fd7b,
f92a,
f95d,
00f1,
012f,
0124,
034a,
021c,
01b9,
01d4,
03ab,
ff4f,
fe48,
0008,
0099,
002b,
fe3d,
0080,
0017,
016f,
000a,
024a,
037f,
ffdd,
00e9,
ff7c,
00be,
ff58,
fe9c,
ff25,
fbaf,
022c,
0063,
fce8,
fec2,
fec3,
fea1,
fe20,
fb81,
01fe,
0118,
0224,
0283,
0122,
0098,
ffb4,
0036,
ff8f,
ffe5,
ffb3,
0160,
ffd5,
ff69,
0071,
0031,
ffc8,
ff9d,
01d3,
0249,
0045,
0061,
002f,
fdbb,
032f,
0481,
017d,
0380,
0127,
003c,
ff89,
fe67,
fffc,
ffa9,
fe93,
03b5,
0083,
ff65,
00be,
00de,
000f,
ff6a,
ff15,
fd84,
ff8a,
0116,
0116,
fe7b,
019a,
ffdd,
01ff,
00d1,
ffc5,
fe3b,
fdf7,
fdce,
fd72,
ff51,
01ef,
ff3a,
feaa,
003e,
febb,
0019,
fef4,
fea1,
ffad,
0171,
ff24,
00bb,
0189,
01ea,
0093,
ff71,
011e,
fced,
005e,
0050,
00a0,
ff22,
0007,
019a,
ffe1,
013b,
0072,
ff54,
fe13,
fda2,
febb,
fc07,
fe53,
fede,
fd91,
ffd9,
0119,
ff2c,
00ca,
00ee,
0023,
ff89,
ffbf,
ff6e,
00be,
0076,
02f5,
0242,
0231,
ff32,
01af,
feb7,
fe4f,
fdee,
00bd,
fe6a,
0146,
01ec,
fdd1,
02cd,
fff4,
ff8c,
fe8c,
ff0e,
ffc3,
0064,
fe9b,
00aa,
ff50,
0069,
ff83,
ffe4,
004b,
ff03,
005f,
ff9b,
0011,
0019,
fea4,
0016,
ffc9,
ff13,
ff17,
ff4e,
fedb,
ffd7,
ffd8,
fef5,
0021,
007c,
ff83,
fed9,
000d,
0038,
ffec,
ff04,
0021,
001f,
ffac,
0006,
ff81,
ff65,
ffa5,
fecb,
ff77,
ff4a,
ff7c,
ffda,
fe7a,
ff0c,
0065,
fee1,
ffb6,
ff0f,
0047,
ff30,
008d,
0015,
ff5c,
ffd3,
0110,
fec6,
ffc6,
006d,
0047,
00a6,
ffea,
0077,
feb6,
00cd,
fed9,
ff17,
fef4,
ff7b,
ff99,
ffa6,
fe71,
fe8a,
004b,
fe55,
fec6,
fe9c,
0025,
007f,
fefa,
fed1,
ffc4,
00e1,
ff66,
ff32,
008d,
ff82,
ffc9,
ffde,
ff02,
0067,
ff58,
ff48,
0000,
ff0e,
ff0d,
0044,
ff93,
0001,
feee,
feb6,
fffa,
ffee,
ffc9,
ffda,
ffe2,
ffc2,
0002,
006e,
0073,
ff3c,
fe68,
ff82,
ff2a,
fff6,
ffa5,
006f,
00e6,
ff6e,
0065,
ffaa,
ff79,
ff91,
ffab,
ff4a,
ffed,
ffc8,
0043,
ff07,
fec6,
fe51,
ff22,
ff51,
0061,
0054,
ffd1,
ff9d,
ff71,
fef9,
003a,
ff02,
0074,
ff7a,
ff83,
0007,
fe55,
ff18,
ffbe,
ff98,
ffa2,
006c,
ffcb,
ff33,
ff46,
ff46,
ff39,
ff6c,
000d,
ffbe,
009b,
000e,
ff8a,
ff23,
ff99,
ff8a,
ffb4,
0005,
ff71,
0063,
ff06,
ff45,
fedd,
ff2c,
0071,
ff2b,
ff51,
003f,
fe7f,
fee5,
0033,
0035,
fedf,
005e,
ff95,
ffc7,
feed,
0066,
002d,
ffdd,
ff71,
ff5a,
007b,
fedd,
0018,
0024,
ff26,
ffee,
fec3,
0017,
ff0b,
0058,
ff7c,
0035,
fed5,
fed9,
feb6,
fee7,
ff74,
007f,
fef1,
0069,
ff62,
fef1,
ff95,
ffda,
00ba,
0031,
ff31,
fffd,
ff1f,
ffa3,
006c,
ffbe,
ffc2,
ff4f,
ff8d,
000e,
fedd,
ff5f,
fe27,
fe98,
fef1,
ff3b,
0021,
ff4a,
ff86,
0037,
0050,
feed,
ff3b,
ff2a,
ff25,
ffac,
fee8,
ff8f,
ffe5,
ffe3,
ff47,
ffaf,
ff6a,
fed5,
feda,
ff3c,
015d,
016a,
fd4b,
fd79,
ffef,
fde2,
fe63,
ff5c,
ff3c,
00b3,
019b,
ffa2,
0088,
ff31,
fe60,
0018,
fd1b,
fb69,
fcae,
02b4,
fde6,
013e,
01d9,
00a0,
fef2,
fefb,
fdd1,
ff2f,
0079,
0045,
ff07,
feb2,
fe6e,
ff35,
02e3,
02b2,
fe95,
025c,
0046,
00f8,
feac,
fdf8,
fdbe,
fed0,
003a,
fe47,
0098,
016e,
022e,
0204,
008c,
0048,
01b3,
0221,
fe51,
00bf,
00b7,
01ab,
feda,
fe77,
fe7b,
0214,
ff5d,
fe5b,
025a,
021f,
03aa,
fe75,
00cc,
fd2e,
fc32,
fc7e,
feff,
fdbc,
fe53,
0228,
0220,
00ea,
ffa4,
0110,
01d2,
004b,
0163,
02d3,
0286,
0134,
02f1,
01b0,
0067,
ff3d,
ff6e,
fe9a,
007a,
ff1e,
00c9,
034f,
fcec,
fc0f,
f8b4,
fc8f,
ff36,
0080,
ffc6,
038f,
007e,
0059,
004d,
014a,
ff1c,
fff0,
00fc,
ff7b,
000b,
fe76,
004a,
01db,
fff7,
0092,
0093,
01aa,
006a,
ffaa,
0160,
0235,
014b,
0091,
ff86,
000d,
fb8e,
fb43,
fc37,
fe23,
fd6d,
fec2,
ffae,
ffcd,
0060,
00cc,
02d6,
012b,
00d5,
006b,
ff59,
0087,
fff9,
fe3a,
0060,
0064,
00f8,
ff2e,
0008,
0001,
01a6,
002f,
01a0,
00f7,
00df,
00fa,
ffdf,
fdb2,
0310,
026b,
038d,
fec0,
01e5,
ff55,
ff47,
0119,
ff6b,
fe4b,
ff87,
0428,
016e,
0028,
fe4c,
ff05,
fead,
ffbf,
fe17,
fe2f,
011e,
feed,
002f,
fe7f,
0080,
ffcf,
0036,
011f,
002f,
fe54,
ffa3,
fe00,
024f,
0045,
ffa9,
fcda,
0207,
00ba,
01e1,
00c6,
0333,
ffed,
018d,
0241,
ff8d,
ff78,
0031,
fd81,
003e,
ff18,
ff29,
fef8,
005d,
0175,
fd85,
fe5e,
0110,
0270,
feae,
ffe8,
012d,
ff15,
fec9,
fde8,
00b5,
fcad,
fea0,
fea9,
01a7,
009b,
0064,
ff5c,
00ba,
016d,
0136,
ff13,
00a9,
0028,
005d,
fe5a,
0365,
ff26,
0087,
fe6b,
00ac,
ff08,
fe04,
ff71,
ff61,
febe,
010b,
00c2,
ff60,
02e8,
010e,
fed6,
0098,
003b,
fd40,
fb45,
fea5,
00ad,
ff18,
008c,
0148,
007a,
0258,
01a9,
ff9e,
fedc,
fe95,
012d,
fe4d,
0033,
fed1,
011b,
ff7d,
006a,
0044,
0209,
feaa,
ff08,
016c,
0070,
0134,
ffa3,
fffe,
ffb1,
fe60,
000c,
01b9,
01fc,
001e,
006c,
01df,
02f4,
0436,
00b4,
fde0,
00fc,
010b,
ff51,
ff8f,
0091,
0306,
01a8,
0142,
fdc9,
01b4,
00be,
00b8,
fde2,
fd87,
feaa,
009d,
ffbd,
fb3e,
ff6e,
fe6e,
ff8b,
01fa,
fef5,
fcad,
fb84,
01d2,
fef9,
fc83,
ff93,
ff8f,
ffa2,
ffe0,
00e3,
fe9d,
ffc6,
002a,
005a,
017b,
0187,
004a,
0106,
00e6,
0117,
ff62,
0249,
0106,
0247,
0115,
fe96,
01e3,
fde3,
fda0,
ff6a,
ffab,
011d,
ffbd,
004c,
0119,
ff1f,
ff43,
0344,
01a5,
ff1b,
fffc,
fefe,
00c6,
ffde,
ff21,
fe8e,
0084,
fe47,
ff2d,
01ae,
0150,
0234,
ff26,
0005,
027e,
00e9,
ffd1,
ff77,
fe92,
ff74,
fecc,
fda0,
fe3e,
0163,
02fd,
0291,
008c,
fdff,
ffa4,
027e,
01b5,
ffa7,
ff12,
0092,
02ad,
01fd,
ff3d,
ff71,
0097,
fe09,
ff21,
0130,
febd,
fecd,
ff52,
00dc,
fe7d,
ffd1,
0145,
ff0c,
0322,
00d3,
0150,
ff78,
027a,
0216,
febc,
fd75,
010c,
017a,
fd6e,
fd66,
fea3,
0041,
fe40,
ff91,
fed7,
fe43,
fee6,
0164,
fee1,
fd81,
0120,
fee3,
0233,
0195,
ffeb,
feea,
01ef,
02ef,
01a8,
ff91,
ffa8,
0223,
0035,
00ec,
002c,
0081,
00d0,
fe5d,
fffa,
ffb4,
00bf,
00a4,
fc4f,
fd5c,
ff74,
010b,
ff3e,
00e2,
ff93,
fe1a,
fff7,
ff93,
00e1,
00d4,
023d,
ff16,
ff1b,
fdc3,
ff44,
ffd8,
0096,
fda5,
ffab,
ff1f,
fc4c,
ff3e,
01fb,
0264,
012f,
ff94,
ffb1,
0155,
00cc,
00d4,
ff45,
ff59,
ff16,
ffbe,
0027,
feeb,
fee9,
ffde,
fec9,
ff24,
fc5c,
fc11,
0065,
fe10,
fbb2,
fe28,
ff0c,
0045,
0217,
003f,
0132,
0343,
01ec,
007a,
fa17,
fd45,
01fe,
000a,
fd7c,
fefc,
0110,
ff6f,
01ac,
fe32,
0090,
fe68,
0145,
ff26,
0114,
ffa4,
000a,
02dd,
0128,
fc8c,
fd5c,
0115,
020f,
fde2,
004c,
01df,
006a,
fda4,
ff4f,
00f0,
ff36,
feae,
fe8a,
0019,
ffa3,
fe56,
01a6,
0179,
fd39,
fd26,
01f9,
ffc7,
ff70,
ffcc,
ffb4,
007b,
015b,
0133,
febf,
fecc,
0192,
ffd3,
01ad,
000a,
0155,
ffc2,
010d,
ff32,
01e3,
0174,
ffbc,
00a2,
00d6,
0167,
0304,
009c,
0226,
03cf,
fe3e,
0079,
028a,
0037,
ff16,
fe06,
ff2b,
ffc6,
0047,
0085,
fdd7,
ffa6,
00a1,
0050,
0151,
fe1c,
ffe4,
003e,
035e,
ff0d,
ff99,
0125,
003c,
0061,
004d,
019f,
fe0a,
fdf0,
facb,
ffbe,
00bb,
ff8f,
fe85,
fe0e,
feaa,
faee,
ff5a,
ff4b,
00b2,
fa62,
0098,
ff77,
ffb9,
fdac,
fc48,
fe16,
fbd3,
fd4b,
0146,
0065,
ffc4,
fa02,
ffc8,
fec2,
ff0d,
fabc,
0201,
01c3,
01a2,
01fd,
fddd,
feef,
fe92,
ff15,
fda5,
fdd3,
ff36,
fc90,
feb8,
ff4d,
ffac,
fb94,
0089,
fff4,
fd7e,
fb4d,
009c,
0031,
003e,
fedd,
fd0b,
00ef,
012d,
ff8e,
0124,
0166,
ff6d,
fc0d,
00f3,
005c,
fe69,
00c1,
ff09,
0033,
fffa,
044f,
feae,
00f4,
ff83,
ff9b,
004f,
01a4,
004c,
0065,
ff65,
011c,
0150,
01be,
fd0e,
fbf0,
ff9b,
0134,
ff5e,
0024,
fe2b,
fd71,
0038,
ffa6,
faa0,
fe6e,
02c5,
0286,
ffae,
fe39,
0218,
0217,
ff73,
ff86,
03d0,
007c,
ffd9,
ff9a,
027a,
ff3b,
0155,
fdfc,
00fa,
0195,
001b,
01d8,
fd5e,
0140,
014b,
ff4c,
febb,
00df,
0145,
fe4d,
00d0,
ffa9,
010b,
001b,
00b7,
0057,
fffe,
010a,
fcb5,
0313,
015c,
fcb5,
ff21,
0051,
ff53,
0153,
003c,
fed3,
011a,
ffbb,
000d,
ff0d,
0030,
016b,
fe96,
ffc7,
ff2e,
007d,
fb21,
036b,
024d,
ff91,
fe06,
0227,
fdf7,
fcba,
00ed,
fd8b,
fda7,
fe23,
0400,
00b5,
006d,
ffee,
ffda,
0164,
ff2d,
00b1,
fd70,
fdcf,
ffb3,
fdd1,
ffd8,
fbb4,
fed1,
ffd8,
fae2,
fbcf,
fe8c,
02b3,
ff22,
ff3e,
fecf,
00e7,
01d3,
00ae,
00b0,
01b2,
00de,
ff3d,
fc85,
fc76,
fe7d,
0029,
01d0,
01ad,
ff1f,
fe91,
ffe6,
fe84,
006c,
fd4d,
fe08,
fe11,
01bc,
fdec,
0363,
00e7,
0522,
036e,
03d9,
01c9,
fe66,
ffac,
0169,
0192,
0035,
ffca,
00d1,
00df,
fefd,
032e,
005d,
00de,
01fc,
00c4,
02ed,
00b1,
0129,
0198,
ff04,
0002,
00cb,
00b7,
007a,
fe79,
009f,
0008,
020e,
fe99,
fed2,
009f,
0234,
01a9,
0222,
0256,
02d9,
00d4,
fff3,
01c1,
ff5c,
fcd2,
016a,
0046,
fffd,
fe82,
fd32,
fbac,
facf,
fbc8,
fdb2,
002e,
ffd0,
00fb,
0117,
0235,
ffb3,
01cd,
fdb7,
fec2,
ff60,
fe42,
005c,
003a,
ffb9,
006e,
00d4,
00c2,
00bc,
00b7,
ffde,
001b,
fcfa,
fce9,
01a7,
fef4,
fd49,
fc89,
fe59,
fd2e,
fa18,
ff5e,
fef6,
ff7d,
fd86,
ff5f,
0052,
ffa4,
01ea,
0122,
ff74,
0084,
ffdd,
fef6,
fe51,
fe9c,
fffa,
00cb,
feea,
0147,
0107,
0053,
01a7,
00a3,
0297,
0116,
02ad,
fee6,
fba7,
fdab,
0382,
0300,
ff86,
fef5,
008d,
0275,
00f4,
fda2,
009b,
00f8,
0087,
03ae,
00ba,
01be,
0064,
fe71,
01e3,
00fc,
ff59,
006a,
02b4,
ffe9,
ff72,
010c,
0240,
fe46,
fe9f,
fd21,
fdb3,
fb7a,
fb2f,
fe7f,
ffa3,
ff85,
ff6b,
fef3,
fd9d,
ff24,
ff8f,
ff6b,
ffc4,
0133,
0152,
00ee,
0013,
022a,
feff,
0158,
000e,
0107,
00ed,
fe6c,
0055,
fec8,
ff6c,
00e9,
feac,
0154,
0122,
0078,
fc37,
fe94,
008d,
02d7,
fc21,
ffc9,
0110,
0111,
fe74,
ff8f,
00fb,
006b,
fec3,
007d,
0201,
038e,
0024,
ff49,
01f9,
021a,
02b0,
029c,
02ce,
ffe8,
028e,
0158,
fed8,
ff9c,
01f0,
012f,
feeb,
fe37,
ff7f,
fe51,
fbab,
fea5,
ff93,
fecd,
fe8e,
ff15,
fe9c,
ffb0,
ffee,
0024,
ff64,
0271,
01bb,
fff8,
0116,
01cd,
021a,
00c0,
0119,
0150,
007f,
ffb6,
005e,
ff5e,
0130,
0153,
00ec,
0211,
fe69,
fdf5,
0140,
ff96,
fe66,
feb6,
fe9f,
ff27,
0016,
0057,
fe76,
0078,
fda2,
fee6,
ff48,
ff46,
fe9e,
fdfb,
ff06,
ffa4,
fdb7,
feee,
0178,
025c,
0085,
fce4,
039a,
02a2,
008b,
fdef,
fff6,
ff47,
0219,
ff53,
fe6f,
010f,
fed8,
ffd6,
01d2,
fec5,
fee2,
fc23,
00b7,
ff3d,
ff20,
017c,
022d,
ffdb,
fe87,
018a,
0163,
ff71,
004c,
0161,
0165,
025c,
007f,
017b,
fff2,
00b6,
00a6,
fcdb,
0117,
01fd,
fcd1,
fde8,
01b9,
ff95,
fe4b,
00f5,
fdf9,
002a,
00d2,
038e,
ff8f,
00be,
ff6d,
00d8,
00bb,
fef7,
ff7d,
feff,
ffca,
fecd,
fe29,
fd65,
016a,
ff83,
ff24,
0098,
0214,
0151,
fdce,
ffe6,
0291,
ffab,
ff96,
fde0,
ff2e,
ff58,
ff50,
ff8b,
fc97,
ff08,
0120,
03f3,
fdb8,
fe95,
00d0,
008d,
ff0f,
ff5c,
ff6b,
0034,
ffff,
ff06,
fdc4,
fdc8,
ff13,
ff3d,
fe23,
000c,
febc,
fdda,
ff12,
0026,
008b,
ff99,
005a,
fe9a,
ffe3,
fe43,
ff1d,
feda,
00fc,
00fd,
fded,
fe62,
0298,
00b3,
fdb2,
00a6,
0113,
01f8,
0003,
000e,
008a,
0087,
ff41,
ff56,
0034,
fd19,
fe0c,
ffdf,
02e5,
ff39,
ff7a,
0186,
fec1,
0049,
fe7e,
00b1,
ff80,
0261,
00e5,
0126,
029e,
019d,
ff79,
ff58,
021d,
0124,
00d7,
0035,
009b,
002f,
ff5f,
ff76,
01dc,
0194,
fe39,
fb7a,
fe71,
ff44,
00b2,
0208,
016b,
0163,
ff89,
fe59,
00bb,
0009,
00ef,
ff7d,
00c4,
ff0c,
fee1,
fe9c,
fe79,
0208,
0216,
041a,
019f,
ffe5,
00d0,
0022,
00df,
feb7,
ffef,
00b6,
ff5e,
ff96,
0030,
ff8a,
ffef,
fdfc,
fe0d,
ff0e,
fc91,
fdb2,
fe26,
0113,
0168,
025b,
ff1f,
00f9,
0144,
017b,
0069,
01b3,
fe50,
01ae,
00c7,
0270,
fee1,
feac,
00a6,
fff0,
ffc2,
ff5e,
0002,
009b,
00b9,
018c,
0139,
00b5,
026d,
ff0e,
ffb2,
fdc5,
ff40,
011c,
0113,
01d4,
ffd6,
feda,
00db,
0010,
0052,
0160,
0155,
012d,
0041,
0024,
ff88,
00ef,
0361,
00f5,
0058,
0001,
01fc,
ff11,
004a,
026e,
00b5,
00a4,
0137,
00de,
fe3a,
feca,
ff47,
0097,
ff46,
ff83,
0005,
000c,
fe04,
ff9c,
fe0e,
fe39,
0136,
ff02,
ff43,
fe93,
ff22,
fea7,
ff74,
0076,
0114,
01f1,
0049,
ff28,
0001,
000d,
ff5b,
fcfb,
fdf7,
fe27,
ff2e,
01be,
fdba,
fc87,
fbf8,
febb,
fd3e,
ffc5,
fe26,
011e,
fee8,
00b7,
ffb3,
016a,
0018,
fea8,
ff8e,
0019,
0142,
010c,
01a7,
ffbb,
008f,
fe89,
007e,
0176,
feb0,
ff9f,
0148,
02ba,
018e,
ff68,
0004,
ff3e,
fe34,
ff8e,
01c1,
015d,
ffd3,
00e9,
01a1,
01c6,
ffbc,
003d,
0018,
01bd,
ff49,
000c,
ff98,
010f,
035b,
0290,
00da,
fe1a,
02dc,
015d,
ff58,
ff9b,
fe88,
0090,
ff78,
0162,
ff96,
005e,
0145,
02d6,
003a,
ff3a,
fdd7,
fe06,
ff73,
0078,
0145,
013c,
ff2c,
ff5d,
fedc,
fe97,
0064,
00d7,
ff7c,
ff15,
003e,
ff02,
00bc,
007c,
ff6e,
0021,
ffdf,
0053,
ffbb,
0063,
0005,
fed8,
ff06,
fe2a,
ffa3,
0026,
00d8,
0059,
01d1,
0067,
fb77,
ff23,
0164,
0164,
fed4,
00b7,
00b3,
ffb7,
0023,
00e4,
fffc,
0067,
febf,
0123,
0041,
016f,
fd37,
fe23,
ffc7,
fe25,
fe3e,
006f,
fda7,
01a7,
0020,
ff4f,
ff5d,
0120,
0085,
0074,
fe12,
006a,
fe52,
008e,
004a,
ff24,
fd50,
ff11,
0022,
009c,
0052,
007a,
00f9,
020b,
02d0,
ff60,
fe67,
fd68,
fd20,
0057,
00d8,
ffbf,
009e,
00e6,
006f,
ff68,
01b2,
00a0,
fe66,
ffb1,
0077,
ff57,
00d2,
028f,
ff3e,
fe64,
01a4,
0011,
ff0e,
0036,
0257,
000a,
0057,
020e,
0216,
feaf,
ffa2,
ff0b,
feda,
fed1,
ff57,
001a,
006e,
fff1,
0079,
ff74,
0025,
fee1,
ffde,
ffbc,
0031,
0082,
ffaf,
ff99,
0083,
0069,
ffd4,
004b,
ff1b,
fff9,
0036,
ff07,
0043,
feff,
0002,
ff55,
ff39,
0059,
ff82,
ff75,
ffa7,
00bf,
0019,
ff76,
ff98,
ff8e,
0029,
fff0,
ff4a,
ffae,
fef6,
00cf,
ff68,
0079,
002e,
ffae,
ff52,
ff3b,
0088,
fefc,
ff4b,
006e,
0089,
ff08,
ff71,
ff7f,
ff2a,
ffd1,
ff3d,
fff2,
ff2f,
0056,
00be,
00a4,
ff23,
0032,
fef9,
ff0a,
002f,
ff95,
0048,
ffa2,
ff8e,
0021,
ff28,
006c,
ff5a,
ff1f,
ff13,
ff2e,
0071,
ff3e,
fef3,
00c1,
00a0,
ffab,
0000,
ff10,
ff4f,
004f,
fedc,
ff34,
ff38,
ff3d,
ff03,
ffef,
0063,
007e,
0034,
ffe5,
0035,
0055,
feec,
00eb,
ffaf,
fed2,
febf,
fec6,
ffbd,
0069,
0043,
0037,
ff4f,
ff7d,
fece,
009e,
000a,
000e,
001f,
0090,
0039,
004b,
002a,
ffff,
004a,
ff1c,
009b,
0077,
ffca,
009b,
feeb,
ff70,
ff85,
ffab,
0018,
0014,
ff95,
0067,
fee9,
ff59,
004e,
ffbf,
0093,
0044,
00a3,
ff11,
ff34,
ff4b,
0049,
0012,
00df,
0096,
ff02,
ff83,
0049,
00c0,
00b2,
0039,
ff6a,
002c,
000a,
00a6,
fef4,
ff12,
0082,
008d,
005c,
fef2,
ff3f,
00ab,
00a5,
ff53,
ff61,
ff66,
ff44,
ffb2,
ff03,
0055,
feed,
0079,
0013,
ff81,
007e,
ff4d,
ffab,
ff01,
ff8b,
005b,
ff26,
ff4a,
ffed,
00f1,
ffba,
ff7b,
ff97,
0066,
fee6,
ffd7,
0076,
ffaa,
008d,
ff44,
ff13,
ff8a,
fee3,
ff69,
ff19,
00a2,
ff39,
ff81,
fec4,
fff1,
ff73,
ffcb,
00aa,
0018,
0012,
008c,
ff3b,
ff7f,
0032,
0083,
ff64,
0013,
ffeb,
00b8,
ffbc,
ffca,
fefd,
ff41,
ffad,
0080,
0092,
00ae,
ff4b,
0052,
002f,
ff2e,
0025,
0025,
ff68,
007d,
0032,
fff5,
ff20,
00a2,
ffaa,
ff97,
005f,
ffa6,
0060,
ff5b,
006a,
017d,
014f,
0214,
0230,
00b5,
fefe,
ff7a,
ff2c,
004d,
ff24,
fd9b,
0125,
0045,
fcc2,
fa1d,
01eb,
ffc2,
ff25,
0103,
ffe7,
012c,
fec3,
ff74,
ff43,
fcb9,
0069,
001c,
feca,
ff2e,
ff02,
ffe6,
ffd2,
026e,
028c,
027a,
fe0b,
ff0b,
fe65,
fe71,
fce3,
ff54,
002f,
ff8c,
fef9,
fe2e,
0037,
0350,
fee5,
fdac,
fce1,
ff08,
0260,
0016,
fe93,
fe97,
008e,
0181,
feac,
ff82,
ffd1,
0135,
ffc8,
0012,
fdb0,
ff10,
fcf3,
fd89,
0185,
009b,
0198,
02d4,
ffbe,
0012,
0135,
02a9,
007c,
0085,
ffee,
fd55,
fe0f,
008b,
0020,
fe5c,
000d,
0191,
ff63,
fde5,
0134,
007f,
009a,
0172,
0214,
004c,
0166,
fe5b,
0289,
017b,
010a,
00da,
008a,
ffe4,
0106,
ffd4,
0167,
ff19,
fde6,
feb1,
ff46,
ffe3,
0151,
0019,
003f,
ffc8,
ffab,
000a,
00ad,
ff97,
ffab,
fea5,
fe01,
00d2,
010e,
fe70,
fddc,
ff29,
0025,
fe59,
0111,
01e4,
010f,
ff35,
ff5e,
fee0,
00d2,
0149,
00bf,
0108,
fef0,
feb7,
ff6b,
008e,
00e9,
01a4,
fe94,
004b,
fe98,
ff2e,
ffac,
ff39,
fdd9,
ffd7,
feaf,
ffdd,
004f,
0013,
feb7,
ffbb,
002f,
008d,
fcad,
fcff,
010d,
fc37,
ff88,
ffe9,
ffab,
00cf,
ff56,
ff51,
011f,
0253,
0066,
ffef,
ff93,
ff7b,
ffa8,
0001,
ff46,
0115,
0297,
ff94,
0188,
000c,
00c3,
ffb3,
006d,
ffa9,
fdb1,
fdf3,
fb59,
ff01,
fed9,
fe72,
0101,
0176,
ff78,
0073,
ff86,
ff10,
00c1,
0356,
0068,
ff2c,
feaa,
0206,
0195,
0007,
ff68,
ff6f,
fe29,
02d3,
ffe0,
0062,
0076,
0121,
01b7,
007c,
ff8b,
ffeb,
ff99,
0005,
ff58,
feaf,
0179,
ff09,
00b8,
010b,
01e1,
0072,
0078,
ffd9,
0129,
ff8a,
fd42,
fed8,
ff15,
010b,
fe3c,
febd,
fe6b,
fe93,
ff91,
ffcf,
0102,
006d,
00a1,
0119,
00c2,
fee3,
fead,
0047,
ffa4,
ffb5,
ff14,
0111,
ff42,
ff8d,
ffcf,
fff3,
ff1c,
0024,
006e,
feb0,
ffb0,
0079,
002a,
ff6c,
00cb,
ff60,
007a,
ffa5,
ffc9,
ff36,
feed,
ffdc,
ff95,
ffbb,
ff94,
0099,
0032,
ff99,
0034,
ff6b,
002c,
003a,
fed7,
ffbd,
ff62,
fedb,
fee2,
ff65,
ffd9,
0072,
fefb,
ff2c,
008b,
0089,
ffe5,
007a,
ff01,
ffe4,
ff02,
00ba,
ffaf,
fff2,
ff43,
0044,
004a,
0010,
ffbc,
ff6c,
ffeb,
ff39,
ffc5,
ffc8,
fff1,
ff20,
fef1,
009d,
ff19,
002f,
0002,
ff1f,
ff52,
ff06,
fee3,
ff43,
000a,
ff50,
ffcb,
006e,
feee,
fffc,
feff,
ffd4,
0024,
fffd,
0033,
000b,
fff5,
0041,
fff4,
0024,
ffae,
fef4,
ff88,
0091,
ffee,
ff3e,
0057,
0029,
ff8d,
ffcf,
fef7,
0076,
000b,
ff78,
ffab,
ff0a,
0072,
002d,
ff4d,
00b2,
ff22,
ff78,
0092,
ff59,
fee8,
ff71,
ffc0,
ff72,
ff6c,
ffc9,
005d,
ff51,
005f,
ff71,
004d,
00a7,
ff7c,
ff2d,
ff3d,
ffc7,
ff60,
ff20,
00f2,
003d,
00b5,
006c,
ffcb,
001b,
0032,
ff9a,
0068,
ffa9,
008b,
0080,
ff04,
fef1,
ff96,
ffcc,
ff12,
ff14,
0039,
0036,
fecd,
ffc3,
ff33,
fffe,
0000,
0074,
ffb3,
ff0b,
ffeb,
005e,
ff85,
00d6,
ff19,
ff32,
005f,
0099,
fefe,
feff,
0043,
0014,
ffd7,
ff78,
0039,
ffef,
0004,
001c,
ffd9,
fef0,
fedb,
0098,
ff4d,
ff9b,
ff0b,
00a1,
ff9f,
002f,
0085,
ff6a,
ffe7,
ffea,
ffef,
0029,
0075,
ffac,
003f,
ff9b,
ff15,
ff89,
ff57,
ff87,
ffc5,
0074,
0034,
fee1,
00c0,
ff2d,
002c,
ffba,
0043,
0063,
00a1,
004a,
004d,
003c,
ffd7,
ff01,
002f,
0019,
ff4b,
ff15,
008b,
feca,
ffb9,
007c,
ffa2,
0092,
0098,
ff4f,
ffa4,
ffab,
00b8,
00a6,
fec2,
001a,
009a,
fff3,
007f,
fefc,
ff85,
ffd2,
0036,
ffdf,
ff4b,
ff28,
ff08,
fffb,
005a,
006c,
ffff,
fef6,
fee8,
ff19,
005f,
0047,
ffc0,
00df,
0266,
ff2c,
fff9,
0106,
045b,
fe83,
fecf,
006c,
0019,
ff32,
fe0f,
fc06,
02e1,
01a1,
ff93,
ff25,
ff00,
000e,
016f,
0086,
ffb2,
0213,
fc6e,
fcea,
ffd9,
fde8,
fd93,
fe49,
005e,
ff6f,
fffd,
ff24,
ff1d,
01f9,
0200,
0142,
fece,
fc58,
fcd0,
ff4f,
012a,
ff3c,
00e7,
01a0,
00d3,
01c0,
04d4,
01d5,
0234,
fefd,
024d,
ff84,
0069,
fff3,
00ca,
00f0,
febd,
ffda,
ffd4,
0166,
00c9,
00e9,
005f,
0039,
0107,
005b,
01bd,
0073,
0137,
0190,
01cf,
0356,
ffb6,
fedb,
0107,
00bf,
0053,
0156,
ffe9,
fef9,
0051,
0286,
00c5,
00dd,
000d,
0198,
000d,
ffdf,
ffe6,
01d4,
01ef,
00ce,
009f,
0173,
005e,
ffa1,
fd5b,
fe14,
01d9,
013a,
ff68,
fee1,
ff34,
fce9,
fea1,
fc8d,
fbf5,
fe21,
ffe9,
fe57,
006a,
00b1,
03a4,
01a3,
fdbf,
ffb6,
0006,
feb0,
fbca,
feff,
fe31,
0060,
fddf,
febd,
029c,
00ac,
ffa4,
033b,
ffe7,
ff62,
ffc2,
037d,
00de,
ffda,
00dd,
00b2,
ff66,
fcbb,
fe86,
01b6,
fd13,
fc51,
fd71,
fd38,
0206,
02c1,
ff55,
0083,
02e0,
0020,
fe9d,
fe08,
010f,
fe9b,
fe6d,
feaf,
00d2,
fff5,
0123,
00a6,
ff69,
0342,
fe39,
00c5,
0303,
026b,
026d,
019f,
00fe,
fefe,
0185,
ff5e,
001e,
0095,
fea1,
ff72,
010a,
016b,
0065,
ff86,
006f,
fd6f,
fbf7,
fe86,
ffd6,
fd5a,
fcdc,
fe2a,
0218,
0230,
017b,
0046,
ff5a,
0110,
0034,
02a3,
0111,
0082,
0126,
0333,
ff74,
00ba,
0010,
fdab,
fea6,
ffd3,
fd69,
0135,
fddc,
fd4e,
0043,
016c,
fdc6,
fdcf,
fe23,
011e,
fea9,
febd,
0195,
ffb6,
fde1,
00c8,
ffcd,
02d6,
ff09,
007c,
007e,
034b,
ffe8,
ffea,
ff45,
fd5d,
fc16,
fe87,
ffbd,
01bc,
fd98,
fe96,
0018,
ffaf,
ff2d,
0177,
fdec,
ff63,
01cd,
008f,
ffdb,
ffc3,
00f4,
00b1,
fd48,
ff72,
ffe1,
ffb6,
fd3a,
fddd,
fe3d,
ff20,
0030,
0157,
fedf,
fc3b,
ff4a,
0235,
ff59,
fe40,
fecb,
00dd,
ffde,
fed0,
00ef,
ff0d,
004b,
0125,
008d,
fd9c,
fda6,
ff2f,
01e9,
02e1,
fca5,
fd30,
00ea,
0060,
ff11,
ff1a,
ff2d,
0159,
006e,
00f4,
0183,
0266,
fffe,
fd81,
ff1c,
ffde,
ffbc,
fd71,
fdbb,
001e,
0275,
02bb,
fe87,
ffe6,
fca7,
fa8e,
fea1,
001e,
0115,
0006,
fe7e,
ffc5,
0281,
fe85,
ff47,
fea1,
fefc,
fd3e,
fee8,
ffc1,
fd58,
002b,
0044,
0349,
fcda,
0020,
0186,
feee,
fdf8,
ff47,
007f,
feec,
00c6,
00ac,
ffb2,
ff97,
fe3e,
fd2b,
fc93,
feb9,
fe05,
fcbd,
fd67,
0043,
fd6a,
fdd9,
0007,
02d1,
fd57,
feaa,
0327,
01f9,
ffc1,
fe75,
0054,
ff3c,
fe96,
fe68,
00ad,
021c,
fed9,
0134,
00e6,
ff55,
0016,
fe7f,
feb9,
fde4,
0261,
00cb,
ff6f,
0186,
ff91,
fee9,
00ba,
019f,
ff62,
fec2,
ffdc,
ffa2,
ff0f,
ffaa,
ffbb,
fee9,
0081,
00e1,
013b,
fd6c,
00ac,
ffd9,
012d,
fe7f,
007c,
ff9a,
ffd1,
fed2,
ffb1,
006c,
ff67,
fcd8,
00a4,
0103,
0096,
fe74,
ff63,
0030,
00ca,
01a8,
fe4b,
fe94,
005c,
ffc2,
fe95,
00d1,
0165,
0126,
fd33,
00f7,
ffd6,
ffec,
feb9,
fe85,
ff7c,
fe1d,
003e,
fec9,
ff93,
022d,
ffe4,
fee8,
014a,
fedc,
ff80,
ff66,
00c5,
ff8b,
fca8,
ffef,
0169,
019a,
fc1c,
fe8f,
ff10,
00d7,
feee,
00bf,
ffef,
fee0,
ffbf,
0129,
01db,
0042,
0099,
00df,
fff7,
00bd,
fd16,
fe52,
fe33,
ffe3,
ff66,
fb3d,
004e,
010d,
fff8,
fe2c,
ff7f,
0141,
ff22,
fffc,
0071,
fde3,
0081,
02e6,
018d,
009d,
fea3,
0113,
ff85,
feac,
ff0e,
fec9,
fe45,
ff2c,
fe66,
0084,
00d8,
001e,
00ba,
0156,
01b5,
00ce,
ff05,
ff51,
fe2b,
fe7e,
01f7,
0099,
0355,
01d7,
0198,
ffd8,
0101,
01ee,
ff1a,
fd60,
0248,
01c1,
006c,
00fb,
027e,
0082,
014f,
005a,
fe7f,
fcf4,
fd41,
feba,
ff23,
fe54,
ff02,
01cc,
0275,
03b6,
00ce,
ffee,
010c,
0362,
0146,
ff74,
006b,
0223,
ff4c,
00ab,
0038,
fabf,
0020,
00b4,
ff02,
fd13,
0079,
0042,
001a,
028c,
fd64,
ffef,
ff53,
fd4f,
00f0,
feed,
ffc2,
01fc,
03a1,
01f0,
011c,
00c3,
01a5,
0145,
fee4,
ffe2,
feb0,
0172,
01f6,
fe58,
fe4d,
0143,
ffc3,
0098,
fdf8,
ffbb,
0021,
00e0,
fd16,
01a0,
ff67,
fe91,
0116,
ff39,
008e,
ff5c,
ffb6,
fff3,
fa7c,
fea3,
fecd,
fe49,
fe0a,
02a3,
fef5,
fec5,
ff5f,
0324,
fe31,
ff85,
0445,
fef1,
ff5e,
0005,
fc2d,
fd4f,
fe7f,
ffa6,
f9fe,
fe1b,
fd18,
0007,
fea5,
ff8d,
020c,
0155,
0200,
024f,
00f6,
00be,
01aa,
02d6,
ffd1,
0137,
01f3,
ffd7,
ff9f,
0138,
ff92,
ffe1,
ffff,
003d,
fef4,
fe1c,
0145,
0015,
ff1c,
024b,
0104,
0191,
0131,
0269,
fea7,
ffff,
01ad,
ff51,
024b,
02b0,
029d,
01a7,
0209,
ffcc,
0121,
fefd,
03da,
0055,
00dc,
016d,
02a2,
014a,
00a0,
fefd,
ffc0,
ffb5,
01c0,
036d,
ff74,
009e,
fe88,
fb88,
fef5,
00ab,
fcae,
fca6,
0029,
ff67,
00c1,
0075,
01e0,
009a,
ffc6,
fc87,
ffae,
ffef,
fe95,
f74c,
ffdb,
00ed,
fdd3,
fe48,
0236,
0096,
004b,
0138,
0096,
003d,
004b,
ffa3,
004d,
ff65,
ff5a,
fcdc,
00e6,
ff1d,
006d,
018f,
ffd2,
01ae,
0177,
00b5,
fe5f,
ff4d,
00b5,
0136,
0118,
fe72,
020b,
0120,
fc4a,
fe92,
ff82,
ffa6,
fe0e,
01ab,
fec5,
ff55,
0036,
ffba,
feec,
fee9,
01cb,
fe94,
ff46,
0172,
fe96,
018d,
0130,
ff9b,
fe27,
ff05,
fece,
fdb4,
016a,
ffa7,
ff7b,
fea2,
012a,
0075,
003d,
02eb,
ff56,
ff0e,
ff78,
ff71,
fe32,
ff37,
fe05,
fd0f,
0107,
ff26,
feca,
fe81,
ff45,
ffaa,
fe4f,
fb79,
ffac,
fe15,
feae,
0000,
ffe7,
009d,
01c5,
0409,
fc9c,
f9ca,
fc0d,
fee0,
ff09,
ff13,
0189,
02c7,
fd06,
fff9,
0094,
0131,
fc0f,
ff0d,
00e6,
ffe1,
ffef,
00b3,
0184,
fe76,
fcc7,
fedd,
00ad,
fdf1,
ff27,
00ea,
0046,
ff5c,
003d,
0205,
00d7,
ffd5,
00e8,
fd4a,
fe2c,
016f,
ff13,
00a2,
0285,
027e,
fdd5,
ff3b,
ffef,
013e,
fcb3,
001a,
01ea,
00d2,
ff19,
fc3b,
00ff,
feaa,
fe02,
fe32,
00c4,
fd39,
0494,
0034,
ffd3,
fc6d,
fd89,
0124,
0017,
fea1,
019b,
03e9,
03c9,
ff93,
fcd4,
00b7,
ff4c,
ff28,
ff86,
008e,
fe18,
fdf6,
feb7,
fd3f,
00a6,
ffd7,
011f,
022b,
0117,
0053,
00dc,
0358,
03bd,
ff8c,
0264,
02c0,
fd9d,
fe1e,
0296,
009b,
fd66,
fc6f,
fecd,
fb16,
fee9,
ff8f,
fce1,
0076,
008d,
ffc6,
fcca,
ffb1,
00f3,
ff36,
00ce,
01d0,
ff1c,
feab,
0173,
ff99,
002f,
00e3,
fe07,
fe91,
00e1,
0228,
ff4a,
fdc7,
ff35,
ff90,
fedb,
ff61,
00db,
fee2,
fefc,
fdea,
fe85,
ffb5,
ff56,
014d,
fdef,
fe1c,
f9a5,
007f,
0024,
00f6,
fe12,
fe94,
0014,
ffd8,
01bb,
0263,
026c,
ff27,
ff7b,
00a7,
00f6,
fe11,
00f6,
00b9,
00e1,
ffe9,
01e1,
0008,
0077,
ffec,
fb40,
0123,
009a,
ff22,
fc6b,
fe3d,
ff6f,
fde8,
00aa,
fe8e,
00ac,
feb9,
0188,
fe28,
ff7a,
ff91,
00c2,
ff5b,
fdc5,
ff24,
fec2,
fdae,
ff40,
ffee,
ffbe,
fdc7,
fead,
01b8,
ff2c,
feaa,
0174,
fe5c,
fd65,
ff57,
019b,
001b,
0049,
ff35,
ff69,
ff4c,
034d,
01b2,
ff8f,
ff8e,
ff90,
ff1f,
fe90,
00c8,
fdb2,
fc03,
fdc5,
fdea,
f897,
fd00,
fe77,
fdd3,
feba,
fe37,
ff57,
ff10,
034a,
00f2,
ff86,
ff63,
ffec,
fb71,
ff5c,
fd42,
fdd9,
fd03,
fd20,
fd86,
0168,
002d,
fee2,
0126,
0121,
02c4,
0166,
fcab,
ff69,
00eb,
ffba,
0035,
fe61,
ff89,
0058,
fe1f,
0027,
0104,
ff9f,
029f,
fe69,
ff3a,
0068,
0052,
0097,
fe94,
0119,
ff45,
ff0f,
ff42,
fe6a,
fcb8,
0053,
0047,
ff4f,
feba,
fe08,
0061,
0295,
02d6,
0017,
0120,
0162,
00df,
0073,
02b6,
fecd,
ff75,
00ee,
00bb,
fd50,
ffcd,
0269,
ff15,
fc57,
feef,
00e1,
01e8,
0062,
ffe3,
00cf,
0275,
01ad,
0093,
0315,
ffc4,
02a3,
0012,
0075,
fbf2,
02d9,
fcb0,
fe18,
0113,
02c8,
00e2,
ff56,
00fc,
024f,
0066,
fb7e,
ffe4,
00a1,
ff72,
fb80,
0111,
01af,
00b5,
ffee,
fff4,
0242,
fef1,
00d5,
0221,
0306,
00ca,
ff9b,
0060,
0053,
fdbb,
0029,
0241,
fea8,
febc,
ff3b,
0087,
0231,
00e6,
fe41,
0085,
0174,
010c,
feee,
01b2,
0163,
fe99,
0089,
00f3,
fdce,
fc7e,
ff2e,
00bb,
027e,
003e,
fe26,
fda1,
fea9,
fdef,
fe48,
ff60,
fdcf,
fe4d,
fe3e,
ff7f,
02c5,
01df,
0046,
009c,
ff68,
fe01,
01c0,
01a7,
fcc6,
fd64,
011b,
0065,
00b2,
023a,
ff3c,
013a,
fe84,
00b2,
ff47,
006d,
0190,
ff43,
0211,
0088,
00fd,
018f,
0158,
fc91,
fe25,
ff6b,
ff5f,
ff6c,
01b5,
00d8,
ff86,
012b,
022e,
03a0,
005c,
0178,
0102,
0079,
0065,
ffe1,
ffc4,
00f1,
026b,
fee6,
fdde,
0053,
0164,
022f,
ffa8,
ff2d,
0197,
0209,
ffeb,
0172,
015f,
000b,
fdce,
fd5b,
fe16,
01eb,
fea6,
fd75,
ffe6,
ff86,
0044,
fee9,
ffe9,
fc58,
fbf4,
fe0f,
006c,
ff15,
ff22,
ff4f,
0013,
02ad,
0146,
ffcd,
ffbb,
00c5,
0108,
0195,
0208,
0010,
0116,
0246,
ffd6,
fd2f,
feda,
fc76,
fdd1,
013a,
ff31,
ff4b,
fd87,
feb6,
0017,
feef,
fe05,
fd45,
003f,
0054,
feb8,
ff2a,
0094,
fe6a,
fcba,
fe0b,
0085,
009c,
0018,
ff79,
fe34,
ff7d,
00a5,
0233,
0033,
fd04,
fe1c,
fe3b,
000c,
ffc4,
fe6b,
00d2,
ff01,
0010,
00f1,
01ea,
ff05,
ffb4,
0000,
0005,
fe5a,
00ea,
fe7c,
0031,
fc1c,
fd28,
02e5,
fd9f,
fd13,
fdd2,
fe7c,
028d,
0331,
01db,
fc7f,
fda5,
ffac,
fe68,
fe3c,
fd9b,
fd7b,
fe67,
ff71,
ff10,
ffb1,
fdf9,
0100,
006a,
0034,
fe1c,
00af,
02a0,
fe75,
fded,
0249,
0145,
ffa7,
ffdf,
01b7,
00cb,
0097,
0042,
0035,
ff75,
0081,
ffac,
0047,
005d,
fd7a,
fe0b,
ffde,
fe3a,
00ca,
0170,
fd2f,
016d,
0427,
03a0,
fd29,
fe26,
fe8c,
02fb,
fe19,
ffd4,
0123,
0305,
fb86,
ff94,
ff14,
0115,
ffe2,
023e,
ff90,
fe63,
ffb8,
01aa,
0083,
0152,
018b,
0127,
03c6,
00f7,
0080,
fe89,
00b4,
fdbe,
ff5e,
ffb4,
fd65,
001b,
00a0,
ffb7,
fdd8,
fdfb,
ffcc,
005e,
fece,
02a3,
00c8,
ff6b,
0182,
0373,
0183,
ff54,
ffd6,
fe1d,
feec,
feb9,
ff63,
fda6,
fe94,
febb,
fefc,
fd90,
fe87,
000c,
fffa,
00bf,
ffc9,
ff3d,
005e,
02d3,
fdc6,
0163,
ffd4,
ff71,
ff22,
ffc8,
fefa,
ffb9,
fcd3,
ff62,
ff04,
00e9,
ff5b,
feeb,
0091,
022c,
0184,
ff8b,
fda4,
fda2,
008f,
fef3,
fda0,
fef2,
fe58,
ff6a,
fdd7,
028e,
fda3,
fd89,
005a,
02e6,
01a7,
017c,
ffb9,
fe61,
00fd,
0282,
fedd,
ffcb,
01b5,
010d,
ff36,
0092,
00c5,
005b,
00dc,
0110,
ffd9,
ffa3,
0136,
ffe2,
ffb6,
0263,
02bc,
0349,
ff9e,
ffdc,
00ab,
010d,
ff08,
fd5d,
fc1a,
ffa9,
ff6b,
fe62,
002b,
ff3b,
ff3a,
fe38,
ff71,
ff6a,
0038,
fd50,
ff7a,
012c,
fea4,
fe7e,
fecb,
002e,
ff62,
0175,
fe04,
0272,
ff1c,
009d,
ff61,
fe49,
009f,
006c,
fe8c,
fedd,
01e8,
00ff,
fd33,
fe73,
fe09,
ffb0,
0248,
02f7,
fd51,
fe45,
01ba,
0203,
fdca,
fdd5,
00c2,
000e,
0085,
0170,
02ca,
0391,
012b,
fe2e,
fe5f,
0116,
fc70,
0107,
fffa,
0019,
fe60,
018c,
0049,
00ef,
0228,
02dd,
ff28,
ff45,
0141,
019f,
0158,
004c,
0050,
02ad,
ff89,
ffea,
00a4,
0140,
ff17,
fe8e,
ffd6,
0091,
00bd,
fe6a,
0286,
0222,
00f5,
00dd,
0202,
fed7,
ff1a,
ff86,
ff70,
fa5a,
fcd2,
0037,
016c,
025f,
017e,
fe82,
0194,
ff1a,
01a2,
007e,
fcc9,
0016,
0315,
021c,
ff44,
0006,
fe9f,
0027,
ff98,
fff2,
ffa8,
ffe3,
02c6,
01e1,
0309,
032f,
00a3,
fd6a,
fb59,
0074,
ffb4,
00b0,
00b9,
fe09,
02ac,
01df,
ffbc,
fe7f,
fe95,
fe22,
fe8a,
00c0,
fde3,
ff98,
fe26,
fff2,
0130,
ff93,
0083,
fdf3,
ff82,
fc6b,
0151,
fffa,
fb6b,
fe9d,
00ca,
01c3,
ffb3,
005d,
ff34,
fb55,
fe75,
fea7,
000e,
febc,
ff34,
0132,
001a,
00d8,
fe3f,
fd3c,
003a,
01dc,
fe02,
0111,
fdb3,
01a9,
fbe7,
ff27,
fe49,
00e1,
fd92,
00d1,
0376,
00fb,
0060,
0114,
00e8,
fe7c,
fee6,
00ab,
012d,
01ff,
fd8d,
fe2d,
ffd9,
0160,
fdd0,
ff62,
fde4,
fe8f,
0306,
017f,
020c,
024c,
fff2,
febf,
ff35,
00f5,
ff5e,
fe7e,
ffe6,
00fa,
ff03,
ff39,
ffc3,
ffbe,
026e,
0057,
0040,
ff16,
00a4,
0106,
00de,
fe70,
fee1,
fee3,
0207,
0045,
00b5,
ff8a,
ff38,
fea3,
01ca,
01a1,
00c4,
ffd4,
019d,
0181,
00a6,
feec,
0107,
0016,
fe14,
ffbf,
febd,
ff5b,
0099,
0053,
fd9b,
fef3,
012d,
00a2,
ff7c,
feaf,
0135,
fda7,
ff86,
fe58,
0048,
00d1,
ff23,
0041,
00cd,
0003,
00f3,
022b,
00fa,
fe99,
fe9f,
fd76,
004d,
01c0,
fe42,
feb4,
fecf,
00dc,
ff0c,
ff1d,
ff4f,
feb0,
fd3f,
01f1,
0319,
02c2,
022b,
0028,
018a,
00ab,
fd86,
fe73,
ff2a,
0180,
feb0,
fd96,
0188,
01c4,
ff21,
fe47,
feff,
fd87,
fc9e,
fe2f,
00d0,
ffef,
fd10,
ff26,
0082,
0096,
fc93,
ff03,
003e,
fe5a,
ffca,
fbb0,
fe2b,
fee3,
fee4,
fe79,
ffda,
ffd8,
fff9,
008e,
016a,
016b,
fded,
ff3a,
ffd3,
feaf,
03a1,
0007,
00be,
01be,
0315,
ff14,
ff9e,
ff9a,
fd17,
fd95,
ff79,
02af,
ff4e,
0093,
feda,
0133,
0342,
01b9,
ff54,
0050,
01eb,
fecb,
fd01,
0018,
ff54,
00a0,
ffe9,
0087,
fdc4,
ffcd,
ff43,
00b4,
ffe3,
ff61,
ff60,
009f,
01ce,
00cc,
fe53,
0043,
ff55,
fe0d,
ff97,
01e8,
ff01,
fe9c,
fcb9,
fe53,
ff2c,
0161,
fed8,
0043,
0014,
0012,
007d,
ff7b,
00bf,
ff1d,
ff7a,
ff22,
fef1,
fb32,
fdd5,
fd31,
0221,
000a,
0058,
011b,
ffa3,
0071,
00b1,
00c8,
00d3,
0099,
ffce,
00ec,
fd91,
fd9c,
010c,
0248,
fe3e,
ff46,
fd6a,
fec9,
ff49,
005a,
0156,
ff9e,
ffee,
ff11,
017a,
02b8,
ffa9,
018a,
01cb,
fe0f,
004e,
00be,
0061,
01e7,
0196,
023d,
002a,
02bf,
0050,
00d2,
01d7,
0162,
01a5,
ff2e,
039a,
0235,
022e,
ff29,
ff7d,
ff3d,
0118,
002a,
001d,
00d7,
ffde,
ff19,
0008,
00d2,
fbf1,
fdeb,
0062,
ffc9,
0364,
ff56,
0031,
0166,
feb8,
0028,
ffff,
ff64,
fe1e,
00f3,
00b1,
024f,
fe27,
fcf7,
fc08,
fd51,
00c6,
ff51,
0183,
ffaa,
ff49,
018d,
017d,
014f,
013f,
ff9b,
00fa,
00c0,
ff61,
ff5b,
ff70,
0173,
fe5f,
008d,
00e9,
034d,
01a8,
0015,
fe88,
ff3f,
ffb8,
ff64,
005e,
00bd,
ff52,
fe7d,
feb4,
fd84,
0153,
0272,
0170,
010f,
0031,
0161,
00de,
01af,
001e,
fe3d,
009c,
02b2,
fef2,
0138,
00eb,
fe31,
02c9,
024d,
0164,
0026,
005c,
fecd,
fff3,
fe11,
ff2f,
005e,
0146,
0019,
fc1f,
fda3,
fc92,
fcd5,
feb5,
006d,
0021,
0289,
fec0,
01a8,
0068,
017d,
fffa,
ff44,
0038,
0089,
fe9b,
0287,
02d2,
041d,
ffac,
fe86,
feca,
ff7e,
0064,
fe45,
ff56,
00a0,
fe49,
ff67,
ff2e,
006f,
fc16,
feba,
ff01,
ffd9,
0160,
fe2a,
ff17,
019f,
0142,
00a9,
0119,
fee7,
fef7,
ff44,
feb4,
0094,
fd4f,
ff14,
0058,
00eb,
0130,
002a,
feeb,
000f,
04d4,
fe30,
fd49,
ff9c,
007d,
fe72,
fda5,
fdcb,
0129,
ffd7,
fc34,
fe7c,
02c6,
0123,
fdcb,
fd8d,
0251,
0162,
ff0e,
ff8b,
fee9,
009a,
01c7,
01ae,
0002,
0011,
ff85,
031d,
fd51,
fcea,
fe67,
0032,
0148,
ffef,
ff69,
02fc,
02ea,
0046,
ffcd,
00c0,
002d,
000f,
ff80,
008c,
fe85,
fdbf,
ffdc,
0167,
fdc6,
0066,
ff64,
fd8a,
fe04,
fe5a,
fdd7,
008f,
fd43,
0081,
000d,
fdad,
043d,
021c,
ffaa,
00d1,
0089,
ffcd,
ff7c,
0188,
017a,
001d,
0077,
ffc2,
005e,
009f,
fe7b,
ff0a,
ff37,
0096,
0216,
ffe6,
004b,
0171,
fb7c,
fd1f,
ffb9,
00c8,
fd9f,
fd07,
00e3,
fe86,
0205,
011d,
01b8,
0191,
026a,
03c0,
01bd,
0165,
01ef,
0160,
00f1,
015a,
ff5e,
fc97,
033b,
ff82,
fd6d,
ffe6,
fe85,
fc4b,
fbc9,
fd83,
0021,
00b7,
ffbf,
0371,
01b4,
0104,
01f3,
02b1,
0097,
ff7c,
011d,
ffa7,
0095,
010b,
010e,
014e,
ff3a,
01a3,
0132,
01e0,
013b,
005f,
0108,
02fd,
000b,
fead,
ffca,
fcc3,
fbd6,
fb88,
fc2f,
fea0,
fe81,
ff07,
fdf6,
0075,
0070,
007f,
0227,
0090,
fea3,
00d7,
02c6,
ff7d,
ff23,
fcb6,
ff65,
025d,
ffb3,
0008,
011b,
ffe6,
022b,
0132,
009b,
0066,
01bd,
feee,
ffa7,
fff5,
02b3,
0085,
0052,
0182,
006e,
009d,
00a1,
ff44,
000d,
0184,
fff2,
002c,
0227,
fff2,
ff4a,
01d8,
00cb,
ff42,
ff2b,
ff31,
033f,
01c9,
00d5,
ff45,
0040,
fe94,
0181,
ffcb,
fe63,
010d,
0088,
01aa,
025f,
fe93,
fe4a,
fd02,
feee,
00af,
012f,
ff76,
0177,
005b,
01be,
00cd,
ff58,
0195,
ffd0,
0092,
00dc,
feb1,
0016,
ff3d,
021d,
0040,
003b,
fede,
0181,
ff6f,
00d9,
0003,
01f3,
fee0,
0013,
0006,
ff9a,
fd04,
0030,
0164,
ffcd,
fe9e,
01b3,
0020,
ff49,
0003,
0018,
005c,
01c8,
01e7,
0147,
0144,
0338,
00c5,
0180,
0164,
005b,
ff7b,
fea8,
ff80,
0283,
015f,
fdd2,
fe42,
ffe6,
ffcf,
00a7,
01bb,
ffaa,
021a,
010c,
00d6,
fc31,
ff44,
ff3d,
0128,
ff60,
001d,
00a9,
0105,
0188,
ffed,
0011,
02e4,
feed,
ffa1,
feb2,
fd4a,
006b,
0075,
fec4,
0109,
007b,
ff1c,
00ec,
019b,
0270,
0184,
010d,
00c4,
0282,
ff79,
fd0a,
fea4,
0040,
fe2f,
fd92,
fff6,
0067,
ffab,
ff55,
021b,
0135,
015a,
023d,
00e0,
ff64,
fe63,
01c4,
0194,
fe77,
fb7b,
fe4a,
019b,
0109,
ff02,
0024,
ff78,
00dd,
ff10,
ffb8,
fe58,
ffe4,
0241,
046d,
02da,
00cb,
0254,
01e2,
fc03,
fe72,
0074,
fee7,
fd08,
0006,
00dc,
00fe,
009d,
fcbb,
fc72,
fdc3,
0058,
fe7f,
fe71,
ff08,
0061,
ffdc,
fdd1,
fea1,
00db,
ff4d,
ffa7,
0035,
007a,
ffd9,
0016,
fe65,
fb47,
fe30,
ffa9,
00a8,
ff8e,
ff67,
0291,
01cf,
025c,
00f4,
0155,
013f,
016d,
0045,
0099,
0101,
002f,
002c,
ffef,
00fa,
0001,
0126,
fe62,
0019,
032a,
0190,
0081,
00f0,
ff25,
00c6,
005d,
fcf6,
f9f6,
0106,
010e,
0046,
fdfa,
009b,
0188,
ff5e,
000c,
fee3,
0251,
0143,
021a,
019f,
ff84,
ff49,
ff99,
001f,
0161,
02ce,
ff4a,
0052,
ff8c,
feba,
fdc7,
01a7,
004a,
011b,
006b,
ff62,
00f9,
0321,
0208,
ff2c,
ff34,
00f5,
fefe,
fe7a,
006c,
fed1,
ff45,
fccf,
fe01,
ff34,
002b,
002a,
002e,
ff24,
0058,
fdd3,
ffa0,
0041,
012c,
00ff,
fd72,
0187,
0129,
0105,
ffe7,
0168,
01f3,
fdf5,
feaf,
003e,
01dc,
fcbe,
fec6,
fea5,
ffb5,
0170,
fff2,
ffcb,
010c,
ff92,
fc1d,
fd5b,
04bf,
004d,
ffc8,
01e4,
0091,
fcb4,
ffa3,
00c1,
00f0,
fe1c,
ff4e,
0156,
008c,
00ba,
012f,
0030,
04b5,
0057,
fdf7,
fd1f,
ff88,
fb18,
fe04,
014a,
0002,
009d,
01bb,
00d4,
0116,
0153,
007f,
ff2b,
0197,
03b8,
01c9,
016b,
016f,
0364,
00be,
0172,
ffe1,
fe66,
0019,
008e,
fdf3,
fd9f,
fe6b,
ffe4,
00e5,
fcb7,
fe7c,
00d1,
027d,
ffd0,
fe07,
0003,
fe93,
0070,
00d7,
0078,
0079,
014b,
ffa2,
0295,
01b3,
fffc,
feeb,
ff59,
fcd4,
00a3,
003b,
032a,
022c,
fef4,
032b,
0337,
0091,
01b8,
00cb,
013c,
004e,
0303,
00f8,
fdfd,
fe13,
02b6,
ff69,
ff95,
fd08,
0117,
ff96,
fea6,
0034,
fe06,
ff4f,
fd98,
0054,
01c7,
fec5,
fc4e,
00b3,
ff73,
ff5f,
fedf,
002c,
fe58,
fe00,
ff51,
0083,
0166,
fe76,
00d5,
fff3,
fdba,
01a1,
fedd,
fdd0,
0024,
004b,
01a3,
fe5f,
00b0,
fe42,
fe51,
fad6,
007f,
fe11,
fe2f,
ff89,
00f0,
ff99,
fcf8,
ff4f,
fd6d,
fff4,
fee4,
00de,
ffa5,
0058,
0100,
0027,
0015,
fdbe,
fa22,
01f6,
fecd,
ff7c,
0154,
0026,
fe39,
ffc7,
ff8e,
0038,
ff38,
0076,
021b,
001e,
018d,
00d4,
ff7d,
feba,
fd3f,
00f7,
0036,
011c,
00f5,
ff4e,
0177,
ff88,
00fa,
0028,
00d7,
ffef,
004a,
006c,
0111,
ffc4,
029a,
0258,
011e,
fe48,
0157,
0127,
0001,
ff74,
0022,
ff11,
fed4,
fece,
0055,
00b1,
ff5b,
ffcc,
0128,
ff3d,
fe72,
fe05,
fe7b,
fe78,
0258,
018e,
fe48,
0089,
015b,
ff6b,
0074,
ff70,
007d,
fe17,
fc78,
ffc3,
0107,
01d5,
feb3,
0041,
0199,
0203,
fe4d,
00ac,
ffb6,
fd1c,
003e,
ffc2,
ffc8,
fd62,
fe2e,
fe8c,
02ff,
0148,
fadf,
fc9e,
00b3,
01cf,
ff9f,
ff40,
ff83,
ffc1,
017b,
0123,
00bc,
0196,
fdcb,
ff7f,
fe53,
027f,
fe8e,
ff19,
fe55,
fffa,
fcd9,
0017,
fee2,
fe40,
020c,
01eb,
fffa,
fef4,
ff05,
feed,
ff0b,
0144,
ff65,
fe0e,
ffe2,
0184,
fe36,
ffe3,
00a7,
fd83,
ffde,
ff74,
014c,
01f1,
0390,
fefb,
fcb5,
fd2e,
fdd6,
002a,
ffea,
fdaf,
fe69,
fe61,
013f,
01df,
018d,
0210,
ff1f,
0059,
fffa,
ff71,
0053,
0401,
001b,
ff75,
032e,
0396,
0214,
017d,
019f,
fec2,
00d8,
00b8,
02ff,
ff44,
037b,
0053,
fd86,
ff47,
ff97,
01d8,
0090,
ff3c,
006a,
0143,
021f,
0060,
0275,
ffcd,
022d,
024c,
fdfd,
fcf8,
001b,
ff4e,
01b3,
ff91,
fc80,
fcaf,
ff04,
ffcd,
ff84,
00d8,
0056,
ff4d,
ff2a,
00a3,
00b0,
0144,
0039,
fcb4,
0391,
ff17,
ff97,
00f7,
0209,
0008,
ff73,
022d,
0482,
0338,
02b5,
0115,
039e,
037e,
03f4,
0211,
fc8b,
fe37,
ff0d,
0112,
fe4d,
feca,
0099,
017a,
fde5,
fd2a,
ffc2,
0021,
021f,
00b6,
02a7,
fe43,
0284,
ff8e,
feb3,
02a2,
fffa,
fed0,
004a,
01e8,
fcdc,
016c,
01d4,
00df,
fda5,
ff7b,
fff4,
fccd,
005f,
0147,
fdc0,
fdad,
ffec,
fd75,
fe5c,
ff3f,
fd81,
ff97,
01a4,
0156,
fff6,
ff86,
fec1,
0069,
0144,
0078,
fec5,
fd3c,
0057,
00c0,
ffb8,
0267,
00fc,
0036,
0099,
0194,
ffe1,
008f,
fe67,
fcea,
0081,
00c1,
009a,
006b,
01c1,
0019,
ffa4,
014c,
0182,
ffe6,
007d,
ffd9,
0064,
00aa,
0044,
fff0,
ff90,
fe5c,
ff1c,
ff3a,
0119,
028c,
ff41,
00b5,
007b,
0194,
0054,
02a2,
fef1,
ff17,
fe5d,
0108,
0017,
ff53,
fe97,
fcb2,
00f7,
ff25,
ff49,
fe0c,
0225,
00b7,
ff9a,
ffe4,
0493,
0311,
022e,
ff7d,
01f5,
ff9b,
01aa,
ff29,
fef6,
014b,
006e,
006f,
fdd0,
01b8,
021c,
0042,
fea4,
0089,
fed2,
ffe3,
005b,
004e,
ffd7,
fe4d,
02e3,
ffeb,
0399,
00b5,
018e,
019f,
010d,
0079,
fe65,
ff16,
01b0,
014b,
fbc7,
fe6b,
febf,
0138,
fd54,
fd93,
ffc0,
00a2,
ff8c,
fc05,
ff0d,
0174,
00a8,
ffda,
033d,
005e,
fe9d,
ffee,
0002,
0297,
fee0,
00ae,
00de,
0114,
ff0c,
ff11,
ff32,
0139,
fed7,
0045,
022c,
0503,
fe80,
0129,
0033,
0082,
0135,
000d,
fed4,
004e,
ffc5,
fdb9,
ff84,
ffe6,
01b7,
009d,
fde3,
fff7,
01f3,
fcf1,
fd6d,
fd8b,
ffa7,
ffea,
009f,
fed9,
0195,
00bb,
ff73,
fec6,
feae,
fe55,
febb,
fd7c,
000a,
023d,
00ca,
ffd8,
015d,
03bb,
0319,
01ec,
ff80,
00c4,
0182,
037a,
ff5c,
0133,
0091,
00f3,
03b4,
0008,
fe7a,
008a,
019a,
ff76,
0027,
feb1,
ff5d,
ff81,
0073,
ff0b,
ff69,
ffa1,
ff00,
fedb,
fcbc,
fedf,
00b0,
ff79,
ff2f,
fe77,
ff45,
0340,
fe16,
ffe1,
ff13,
ff42,
ffe1,
0314,
fee5,
004a,
022e,
00b7,
00e3,
ff00,
fffa,
0046,
ffc0,
0026,
0273,
00a8,
005f,
ff0a,
fff6,
fe18,
0080,
fda8,
0279,
fdf7,
ffc1,
fffa,
01c1,
0153,
fcb9,
0037,
024a,
0052,
0081,
fee6,
02ba,
00bc,
fefd,
0020,
0220,
ff0e,
0060,
00d7,
028b,
ffa2,
fff1,
fc59,
016e,
fdda,
fb24,
febc,
fe1a,
fe8f,
fe19,
019c,
00dd,
ffd8,
fe70,
012f,
01b9,
004d,
01a9,
017e,
ff1f,
002c,
0009,
ffb6,
fd23,
ff5e,
006c,
00b7,
ff87,
014f,
01a1,
019e,
014e,
ffeb,
fedf,
00a3,
001f,
ff9d,
0070,
0128,
fd69,
ff53,
0032,
0141,
fe1f,
fd36,
ff0f,
0261,
0271,
0255,
0044,
0170,
ff31,
00a5,
ff9a,
fe1b,
fff5,
fdc8,
0065,
00e1,
fde4,
0000,
fff5,
0073,
0126,
fee4,
0091,
fcbb,
008c,
ff0e,
ff0e,
fe5e,
029f,
ffdd,
0213,
0176,
0147,
fec7,
fedf,
019a,
0100,
0170,
fe1a,
0064,
00d4,
ff6a,
ff46,
01bd,
fd4c,
fe3c,
ff4b,
fe90,
0398,
0209,
0090,
ff25,
ffc2,
0117,
ff76,
ff3f,
00a6,
0259,
ffcc,
0222,
019d,
ffa9,
0134,
0009,
0141,
013f,
fe0d,
fee3,
0199,
0020,
012c,
0053,
ffc3,
014d,
ff5f,
fd65,
ff6a,
ff4e,
fde2,
0037,
041a,
ff91,
fde4,
fdb8,
01a2,
ff3b,
ff4e,
fecc,
00ca,
fef6,
fff3,
01ba,
ff67,
ffe2,
fde0,
fe15,
0244,
0226,
00a1,
fe99,
0177,
0055,
0063,
005e,
020e,
01ab,
ffc0,
02b0,
ffd5,
ff57,
ffa6,
febf,
fe22,
0032,
0008,
fffc,
0175,
0162,
028f,
ffcb,
ffd2,
0106,
0211,
0088,
fd92,
00df,
01f4,
0156,
ff54,
00c7,
fe90,
fdfd,
0088,
00e5,
ff1d,
ff12,
0101,
ff8c,
ff39,
ff9e,
fe71,
007d,
fe62,
ffed,
0048,
ff7f,
ff85,
0278,
feab,
014c,
011d,
ff82,
ff48,
ffeb,
ff78,
fe17,
01d0,
0201,
fff9,
fddd,
fe93,
fef1,
00e1,
ff9d,
009e,
ffd6,
ff14,
fdf7,
feed,
fc1c,
fd11,
fce4,
fbc6,
ff52,
fe07,
fdfb,
ffbc,
00a1,
fe7b,
001f,
0040,
ff9e,
00c5,
feaf,
01a9,
fd1b,
01bc,
00a9,
fef4,
fe22,
fdb3,
003b,
febb,
00b7,
006a,
00ef,
00d5,
00ed,
0054,
00de,
02ef,
013d,
ff31,
fdbc,
00a1,
fed0,
0133,
013a,
0226,
ff21,
0012,
fda4,
ffbc,
010c,
fff3,
fefc,
0245,
007b,
0068,
01ab,
fffe,
00eb,
009a,
0214,
ff5e,
006c,
ff47,
0004,
ff06,
028a,
0168,
ffff,
0054,
ff46,
ffe8,
fe15,
ff1d,
ffb5,
027b,
ffa2,
ff86,
00ad,
00db,
ff27,
01e3,
ff6f,
0197,
ffc0,
034d,
ff53,
fd51,
f86d,
ffcd,
01a9,
01ef,
fdfd,
fe3d,
0020,
002b,
ffc4,
0018,
0199,
02b1,
fef8,
005d,
fde4,
0045,
fea0,
feab,
fda0,
feed,
0081,
ff27,
feac,
0068,
02c7,
fc88,
019c,
01bf,
0184,
0082,
0197,
000f,
fbe9,
ff10,
fecc,
0172,
0281,
009a,
fd8a,
00e2,
ff95,
024c,
00d1,
fec5,
02da,
01e1,
0214,
ff08,
ff2a,
ffce,
ffe5,
0226,
00a7,
ffdb,
002e,
01ec,
0058,
fd95,
ff02,
0016,
ffe0,
0001,
00c4,
fc95,
fcbd,
00da,
00c0,
fff1,
01ae,
ffb2,
0000,
ff9e,
fdc3,
fe92,
0134,
feb8,
ff57,
004c,
03de,
0112,
fff0,
fed2,
0080,
01c2,
01fd,
0055,
01d2,
009e,
fe44,
0186,
0380,
010d,
fb68,
febd,
fe5c,
fe90,
fd84,
ffd6,
004f,
00c3,
0132,
0101,
00f1,
0074,
ffcb,
fdde,
0021,
007d,
fdfd,
005a,
0051,
ff14,
fcee,
fec5,
0003,
ff96,
0282,
ffda,
fd82,
02ac,
0300,
fee3,
fe14,
ffb5,
0088,
013f,
0181,
010a,
feb8,
fecb,
007a,
ffac,
00ba,
ffe9,
001d,
fffa,
ff58,
ff71,
ff61,
ff87,
ffd0,
ff7d,
0087,
ffc6,
ffd5,
feee,
002e,
ffc8,
00b1,
ffb5,
ff92,
ff52,
ff1d,
0015,
005d,
0065,
ff3a,
ffcc,
ffa1,
ff92,
ff64,
0060,
feef,
fff5,
ff08,
0052,
001d,
ff41,
fedf,
ffbf,
ff9a,
ff50,
ff79,
0020,
ffbb,
fefc,
ffd3,
ff62,
ff8b,
ff9b,
00eb,
003e,
ffe3,
ffef,
fee1,
0079,
ff88,
0059,
feeb,
ffd1,
ffda,
fff9,
ffa2,
ffd7,
0029,
0024,
ffa5,
ffff,
ffd8,
ffce,
0014,
00d1,
007c,
ffb9,
00a4,
ff57,
ff5f,
ffac,
ff7f,
005a,
ffbd,
00bd,
ffdf,
ff15,
ff52,
004d,
005a,
ff70,
ff94,
0090,
0024,
ff73,
fef0,
00ae,
fff6,
ff81,
ff4f,
ffd0,
002b,
ff54,
ffee,
0088,
ff2f,
004c,
0055,
ffc0,
ffed,
0025,
ff2c,
000c,
fef0,
ff5d,
ffde,
fed3,
ffe8,
ff16,
0086,
fefc,
ffe1,
00a6,
0093,
0069,
ffc2,
ff87,
00b4,
ffc3,
00e5,
ffe1,
0017,
00c1,
ffb0,
ff09,
00a3,
0022,
0045,
ff97,
ff29,
006d,
ff4f,
ffbd,
00a5,
ff9b,
ff4f,
ff65,
0021,
ff4b,
ffdb,
0035,
ffb3,
ff1c,
fed0,
fff5,
ff8e,
feca,
0042,
ff5f,
00cd,
fffa,
ff25,
001c,
fee1,
0030,
0051,
001c,
0009,
ff02,
ff2a,
ff09,
00cb,
ff21,
ff77,
009e,
0057,
0005,
ffd8,
ff15,
00b5,
ffef,
00b5,
0061,
fee9,
0086,
00b1,
ff78,
ff9b,
ff23,
ffbb,
ff53,
ffd6,
ffed,
ffef,
ffe1,
fee4,
fff2,
fed9,
007f,
fed9,
ff5c,
ffd6,
ff30,
fef0,
ffe2,
ffd6,
fed4,
ffc0,
ff70,
febb,
ff44,
feda,
ff18,
0004,
0038,
ff07,
ff2f,
ff48,
0021,
0075,
007c,
0055,
ff0d,
fee4,
ff37,
00d0,
fecb,
fee8,
ff07,
ff62,
0060,
0054,
ff27,
00b8,
fee6,
ff71,
ffa6,
0083,
ffa3,
004b,
0051,
ff6d,
00ed,
ff9b,
ffea,
0077,
fedb,
0042,
fedb,
ff18,
0087,
ff81,
003c,
ff43,
ffbf,
ff9b,
fef4,
ff1a,
feff,
fd92,
fc72,
fe26,
01d3,
0011,
ff5a,
ffe0,
050c,
05f9,
fc72,
0093,
00c5,
040e,
ff93,
fc1b,
fb85,
fd22,
ffdd,
ffbe,
fe9c,
fffc,
ff5b,
ff1d,
0107,
0099,
001b,
0150,
ff2e,
0225,
0160,
003e,
0037,
fecf,
fdc9,
fe0b,
0470,
0345,
fe2f,
fecc,
01a7,
ffed,
0076,
fe77,
fd22,
fd46,
fbb9,
022b,
01da,
0023,
018b,
01d9,
038c,
fec4,
fec5,
0123,
feab,
fe51,
014f,
01b5,
fe7c,
ff3c,
00c7,
ff52,
ffa4,
01bd,
ffeb,
faa0,
fd8f,
0225,
fefd,
fc5c,
fed7,
0135,
011b,
fe1d,
ff20,
00b3,
fed9,
fe4d,
fcd2,
025c,
0224,
ff03,
fdee,
018d,
0376,
fe5f,
fe41,
0356,
00aa,
fdc8,
ff3d,
011a,
fd86,
fd14,
faea,
fd76,
ffae,
ff8f,
fbc7,
ff49,
fe7b,
ffae,
025b,
ffa4,
fc35,
fbc8,
ffd4,
ff16,
00fa,
00a0,
fefc,
0017,
fe98,
fed5,
02dd,
03ce,
ff69,
fc4e,
fe57,
0073,
0005,
fcc1,
ff35,
feff,
ffb9,
ff72,
fd7d,
ff3a,
ff71,
0419,
ffa1,
0053,
ffb1,
0076,
ffe4,
00a7,
028d,
ffac,
ff8c,
ffc5,
01b2,
0005,
fd1f,
fbe1,
0042,
fec5,
fbb9,
013e,
0231,
fed4,
ff1a,
0103,
01c4,
014b,
ff77,
003e,
01a7,
fff1,
00db,
035d,
016a,
fe5d,
fb04,
037f,
0165,
fe4d,
fe99,
00b4,
0207,
ff43,
00e5,
ffb8,
002e,
fc48,
01e9,
fd97,
feea,
ffac,
fdd6,
0077,
feec,
ff90,
fde1,
0168,
032f,
0052,
fe43,
ff31,
00a2,
fe6a,
0062,
003f,
0399,
fd50,
006b,
fd4a,
ff6c,
0112,
0031,
fe75,
0382,
0326,
fee2,
fe9a,
fe15,
fbf3,
ff24,
0142,
02ea,
ff7d,
ffcf,
fd6d,
0014,
ff62,
023f,
fe0f,
fd80,
fe75,
0050,
003e,
fe69,
fdd3,
fb32,
ffc3,
04f8,
03d6,
fe21,
fdce,
01f6,
0338,
ffe1,
00d4,
fe63,
ffc6,
0076,
018d,
ffa4,
fe69,
fef1,
fad3,
fdb1,
0119,
fad2,
ff2c,
fe39,
fe4c,
fd6b,
036c,
0323,
0374,
04ee,
0294,
00d5,
ff3f,
04c6,
01c4,
0235,
0226,
fe9b,
fddb,
011e,
00ac,
ff0c,
fb40,
fb66,
fc94,
006c,
0029,
fce1,
fc2a,
01d9,
ff7a,
ffdd,
003e,
ffc0,
010d,
fd06,
fdce,
0024,
ffdf,
feaa,
ff01,
0110,
00df,
011d,
0178,
00cd,
01ab,
0152,
0327,
fedc,
fdeb,
fc1f,
ffd4,
ff7d,
feed,
002f,
012d,
fef6,
fe88,
0259,
0309,
ffb8,
ff14,
fed9,
015a,
0165,
ff33,
003e,
0079,
003d,
ffaf,
fe62,
0162,
0137,
01f4,
fd1c,
0034,
fee6,
018d,
ffc2,
00c0,
0023,
000a,
00e1,
03b6,
0046,
0074,
0096,
ff4f,
ffb6,
00bc,
fd37,
fd24,
025b,
01ab,
00cf,
ff15,
024e,
01ce,
fdb7,
01bd,
00f6,
fff4,
026b,
04e7,
01fc,
00a5,
017a,
fe03,
01c8,
0052,
00ef,
fe9f,
feb9,
fe6b,
ff4f,
fe14,
fffa,
feea,
fd39,
00d3,
feb6,
ffef,
0007,
02af,
012e,
0151,
0089,
0096,
fec5,
fc67,
fd7a,
fe24,
fc1f,
ffc3,
fee6,
ff8e,
fe4a,
00d5,
0023,
01db,
006e,
002d,
00a8,
fefd,
0047,
0052,
fe53,
fd77,
fdfc,
fdc7,
fd0f,
fffa,
fcc9,
fc1c,
fedf,
01a9,
0177,
014e,
ff5f,
fff3,
0231,
ffe8,
fd7b,
fea0,
0075,
ff04,
ffd2,
003a,
ffd6,
013c,
00fe,
ff8d,
0090,
ffba,
ff9f,
ff9e,
00fe,
00bf,
01d9,
0305,
feeb,
ff45,
01b9,
0036,
000e,
fe01,
fddd,
fec9,
fff7,
ffbd,
0053,
0017,
fffc,
fe80,
fec8,
0076,
0067,
fd9c,
00e3,
ffd1,
fe3f,
ff45,
ffb9,
ff58,
fe9a,
0117,
ff9b,
01a2,
00b6,
00f4,
00f8,
018f,
004a,
0138,
0031,
0003,
0029,
0280,
fd9a,
ff8d,
fdf5,
ff42,
fee6,
01b2,
ff0f,
001d,
00f7,
00fe,
fe44,
fd5c,
0081,
0179,
00e1,
014f,
0152,
0221,
00d8,
fe85,
fe41,
017b,
ff1b,
ff77,
fda2,
fd13,
fefc,
fe4b,
fd8e,
02d3,
0166,
01e0,
0034,
0119,
0075,
0234,
001f,
feb3,
0410,
0056,
fee7,
ffd8,
0059,
0089,
0140,
fe7f,
ff76,
018e,
0009,
fe33,
0054,
feb2,
00ca,
0151,
0023,
fbe7,
ff61,
fe74,
02d5,
01a4,
fe97,
fccc,
019f,
00b8,
02f5,
fe14,
ff6e,
00c6,
016b,
fec9,
ff44,
000a,
fdaa,
ff5b,
ff25,
0070,
00b9,
00b2,
014f,
ff64,
00cd,
0056,
00b9,
fffc,
feeb,
ff71,
0158,
00ac,
fee2,
ff75,
02e9,
00ed,
00f1,
0187,
00c7,
0272,
0338,
02bc,
005d,
ff42,
005d,
02a7,
ff0a,
fddc,
0182,
0075,
fed6,
feee,
01df,
fe5f,
ff53,
012b,
012f,
fd10,
ffdc,
0159,
00f1,
ff9f,
fdc9,
0036,
ff30,
033e,
ff9c,
fd37,
ffc1,
00df,
00ac,
0011,
ff91,
026b,
fe9d,
012a,
0123,
fe7c,
fdf4,
0026,
fffc,
ff2a,
fd4d,
fee6,
fe5b,
0082,
fe8b,
0030,
fe5a,
fe2b,
fe2c,
feff,
0145,
0001,
febd,
fefd,
0085,
feaa,
fefa,
ff34,
feb4,
0124,
00c4,
016d,
009f,
ff2b,
01ac,
ffa1,
fc52,
ff5b,
00a0,
002b,
ffa0,
fe9e,
fee7,
00cb,
ff6f,
fe6f,
01a0,
ff9d,
0115,
0282,
ff97,
00fd,
fe40,
ffe7,
0257,
0155,
00af,
0079,
0064,
00f5,
00ab,
010e,
0021,
00c0,
0163,
00f9,
017f,
01c5,
00f5,
0048,
000a,
022a,
fee6,
fff5,
fe9e,
ffd8,
fed4,
00ae,
008b,
ffcc,
0130,
0101,
fff7,
001b,
ffec,
ff9c,
ff83,
0221,
0048,
00a2,
fe36,
fff4,
fe2f,
fcb0,
ff34,
0034,
fbcd,
fe1e,
00ff,
feb4,
0005,
ff1a,
fe5c,
fe4e,
fc9d,
004d,
0050,
fdcc,
ff5e,
fe44,
004f,
00b8,
00e7,
ff60,
fe3f,
fe7c,
0225,
ff82,
feb6,
ff58,
012b,
00b3,
fe67,
fdc1,
ffbf,
ff8f,
ffae,
fe20,
fd9c,
fc33,
fd54,
febe,
ffb9,
fef0,
feb9,
0018,
fee5,
0020,
fe00,
fe9d,
0032,
fec4,
ffee,
0103,
ff9c,
fc6a,
fefc,
fe44,
00c6,
0062,
fc8f,
feea,
008a,
01d0,
fe7e,
ffd3,
007f,
01c7,
ffb1,
0080,
0056,
fcf1,
0032,
0093,
ff8a,
ffda,
feeb,
ff2e,
0003,
fe73,
00cc,
fed8,
0082,
004d,
0057,
0191,
0023,
fea3,
ff75,
ffaf,
ff7f,
febc,
0012,
ff91,
00a7,
ff85,
ff85,
ffe1,
ff32,
0071,
0034,
ffd9,
ff8b,
ff6a,
ff0b,
ffd8,
00ac,
0019,
fef1,
fed5,
0006,
ff89,
004b,
007b,
fffd,
0064,
fee3,
ffc9,
fefa,
ffbf,
fed9,
003c,
ff33,
00b0,
ff39,
ff3f,
0005,
ffd5,
008f,
0012,
0091,
ff9f,
ffd1,
ff1a,
0028,
0077,
ffd5,
ffbc,
0074,
003a,
005e,
ff9d,
ffe0,
ff46,
ffd1,
ff2c,
ff04,
ffe7,
ff2c,
ff27,
ff5b,
0034,
ff17,
00ca,
ff70,
ff54,
ff7e,
ffe8,
005b,
ff47,
ffd3,
00d6,
008f,
0083,
ff4a,
fff9,
ff36,
0045,
ff86,
000c,
ff41,
00aa,
ffae,
0092,
ff26,
ffe1,
ffc5,
ffd4,
0028,
000e,
0040,
00a7,
ff0e,
003b,
ffb0,
00a4,
0094,
ffd3,
ff16,
ff5f,
ffa4,
ff41,
ff1c,
ff35,
0054,
0060,
ff23,
feff,
fedf,
0062,
008e,
ff3b,
ffb2,
fef1,
ff9a,
ffb6,
ffe0,
ff74,
009c,
fef6,
ff78,
007e,
ff26,
ffc9,
006a,
007f,
004c,
ff67,
000c,
001e,
0010,
ff56,
ffd8,
fff4,
ff9c,
febb,
ff6b,
ff6e,
ff60,
ffae,
ff2f,
0046,
0076,
fee3,
004d,
ff61,
ff7d,
ff2c,
ffa7,
0005,
ff51,
0075,
006e,
004e,
000b,
ff28,
007c,
0062,
fff4,
ff93,
ffd8,
ff57,
00cc,
ffae,
000e,
ff06,
ffd6,
ff58,
ff16,
00c3,
ff90,
00bb,
ffbd,
0034,
0049,
ff7c,
006a,
ff5f,
0028,
ff7c,
fefa,
ff66,
ffd7,
ffdd,
00e9,
fff3,
00a9,
0092,
fecd,
ff3e,
0039,
00a0,
ff12,
fffc,
003e,
fff1,
ff3e,
ff46,
ffec,
0020,
0027,
fff4,
ff9a,
ff01,
003d,
000a,
ffea,
0033,
0054,
fffa,
ff85,
0044,
001a,
ffa9,
001d,
ff4c,
ffc4,
ff8f,
feea,
ff8f,
004e,
ffb7,
00ae,
002d,
ff5f,
ffcf,
0012,
ffbc,
ff21,
ff74,
ffcf,
ffe3,
ff13,
ff6e,
0026,
0039,
feda,
00a7,
002e,
0019,
feee,
00d0,
ff54,
0024,
ffb3,
003c,
ff8f,
0009,
0077,
ff9e,
ff66,
ff0e,
009c,
ff50,
00db,
017f,
fed9,
005b,
00b6,
feb2,
ff03,
ff54,
fe72,
01b8,
ff2b,
00bb,
fe25,
ff03,
fecd,
ffc1,
0074,
fe25,
fdd5,
01eb,
025f,
ffed,
ff4e,
00be,
0005,
fd2a,
00de,
008b,
ffd8,
fed5,
000c,
0114,
fe8a,
ff5a,
fd82,
fe10,
fce1,
fd2e,
fd09,
fd62,
fa83,
fe1a,
ff9f,
fe94,
fd70,
fe25,
005c,
fda8,
008b,
ff3e,
fe94,
ff90,
021a,
ff88,
ffd6,
017c,
0123,
0284,
0078,
018a,
0199,
ffe5,
0144,
ffca,
fed0,
fe62,
fec0,
017e,
ff18,
ff0c,
fe37,
018b,
ff91,
0052,
0136,
013d,
02a4,
ff80,
01f0,
ff86,
01d2,
0013,
016f,
032f,
02af,
fe18,
ff93,
020e,
00e6,
fdaf,
ffc1,
fe1b,
fed4,
ff8d,
fefc,
00f2,
ff7f,
fdbf,
fc8d,
fe27,
0008,
0013,
00b9,
ffc0,
02cb,
00f5,
019d,
013b,
004f,
fef5,
007d,
016a,
fe4d,
fea6,
00f3,
0056,
0053,
ffd8,
007f,
00d4,
fefe,
0180,
011b,
00ec,
ffd5,
01e7,
006c,
ff61,
fe9e,
fcf3,
fdea,
fe7c,
fce4,
ff02,
00b1,
0029,
ff8f,
0220,
ff6f,
00e6,
011d,
0046,
ffa1,
0032,
ff23,
ff52,
fe9e,
01bf,
fe48,
00ce,
0148,
019a,
000e,
ffd2,
002b,
0179,
fd84,
fcf7,
fdb7,
0091,
feff,
0054,
ff97,
049b,
ff45,
ff7b,
ff32,
032c,
0188,
0121,
ffcc,
012f,
0290,
0178,
013e,
010d,
ff15,
0054,
00d6,
ff57,
010f,
0030,
003f,
009d,
ff57,
ffbf,
00dd,
fea7,
fff8,
fec7,
0165,
0140,
0303,
ff16,
008e,
ffd0,
000b,
020c,
00a5,
ffb1,
01b2,
02a4,
00d3,
ffbe,
fee0,
02c7,
01f9,
0083,
005a,
0185,
ffcc,
fef9,
011c,
0133,
036b,
00c3,
013b,
000a,
00b3,
00f1,
00f1,
0196,
ffcd,
ff98,
fe56,
ff8f,
0216,
00ca,
0185,
0027,
02b0,
0088,
01b1,
0228,
00d2,
ff6d,
ffc4,
00fe,
00f6,
0059,
0164,
00b2,
0196,
0175,
00b1,
00ba,
01c1,
ff70,
0414,
fcbb,
ff10,
fcf3,
fe25,
fddc,
fea1,
00bd,
fa50,
fd61,
020e,
01ca,
fe29,
fb19,
0132,
002a,
00a2,
fe05,
fe75,
ff7f,
02f8,
ffb6,
0071,
fd89,
fea9,
0333,
0272,
ffc1,
fd34,
ffc5,
0360,
ff58,
fcd8,
feb0,
0244,
fe9a,
fe61,
ff2a,
002e,
ff88,
0339,
0150,
013b,
fe57,
0089,
fe8b,
ffa9,
fd75,
00da,
ff5c,
fdd4,
fe53,
0466,
025c,
fdd2,
0042,
fabb,
f7e9,
ffd6,
00a1,
ff68,
fd0f,
005d,
0106,
0292,
0056,
0244,
00f4,
013d,
fd6a,
0135,
ffe0,
ffa4,
0234,
feb8,
0474,
fd88,
ff5a,
0222,
011f,
0040,
ff55,
fe92,
fd8d,
0061,
ff85,
fef3,
ff76,
ff8b,
002f,
00b7,
004e,
fe53,
ff55,
01fd,
ffe6,
017f,
ff38,
0036,
01b2,
fd47,
ff0c,
01df,
fe8f,
fded,
ff72,
0121,
ffa5,
00bc,
fff0,
ff08,
fbc8,
ff13,
00bf,
fde8,
fbf3,
014b,
00ea,
feb4,
fea0,
0005,
0188,
fee5,
fe5b,
005d,
fff2,
fde3,
fbb1,
00cf,
ffc3,
fd36,
fa68,
0129,
0040,
ff36,
fdde,
fe99,
01ef,
00b6,
fcd4,
fffc,
0073,
ff20,
fb55,
fe56,
01ac,
fbbe,
fbe3,
01d6,
0239,
fdad,
fb3e,
fff4,
01be,
0249,
0030,
fdaf,
0107,
0114,
016c,
fece,
020f,
0210,
fea2,
0050,
00fa,
016f,
ffb4,
fb8c,
ff2b,
ff57,
0181,
fe7a,
0091,
ff91,
ff0a,
013b,
00fe,
00fc,
010f,
ff20,
0090,
01e7,
01c3,
019b,
fd7c,
ffd9,
0004,
0052,
005d,
fca0,
ff0b,
ff80,
0012,
fe08,
ff50,
02ae,
ffdd,
ffd7,
fe70,
fd8e,
feb9,
01ab,
0179,
0156,
0137,
02af,
004a,
021c,
014c,
00aa,
ffb0,
0171,
fee5,
0279,
fe72,
fe27,
ff43,
ffb7,
ffc7,
fec1,
fe9f,
0148,
fdae,
00b8,
0129,
018a,
0123,
0045,
02a5,
ffa5,
00ab,
fd7e,
fed0,
0033,
fcd6,
fe06,
ff32,
fe4c,
0354,
ff19,
005c,
0250,
0137,
004c,
fe1d,
ff49,
00c7,
ffc6,
0088,
fff4,
02ba,
fc9b,
0179,
00ba,
01c8,
003a,
fef2,
01a2,
ff34,
001c,
ff34,
0104,
febd,
000c,
00fe,
fd70,
feae,
ff7e,
0015,
fe7f,
020a,
ff93,
ffc8,
0070,
ff9c,
01b8,
fff4,
fec7,
fdcb,
fed3,
fd3a,
ff18,
0246,
ffe5,
ff0c,
ff81,
ff7b,
001b,
fe2d,
018e,
025c,
ff9c,
00ce,
0056,
fd42,
ff38,
fffa,
0147,
01af,
fe5d,
fe58,
ffce,
001d,
fb85,
ff32,
fe75,
fcdb,
001a,
fe5c,
fda4,
0032,
03e9,
0019,
0201,
005d,
014c,
002f,
00c0,
ff74,
03e9,
00dd,
003f,
0032,
0037,
ffa1,
fec3,
00f4,
013f,
01ce,
028a,
029e,
003a,
fde9,
fdaf,
fdc0,
00be,
ff03,
0032,
0158,
ffe9,
ff90,
fcea,
fe21,
ff7b,
02d2,
04e8,
0363,
02ec,
01c8,
00c1,
010f,
0103,
003b,
0231,
fcd2,
fcf7,
ffe7,
0002,
ff63,
fd93,
fd2c,
fd2f,
fff5,
fb81,
fd32,
fe16,
0042,
008a,
fef3,
fe06,
ffc6,
00dc,
024e,
0285,
ff5c,
01ff,
fd93,
ff88,
018b,
ff58,
fd8d,
fe5a,
015a,
008b,
028e,
0069,
ff7b,
0121,
fff7,
fe00,
fc92,
fddc,
fead,
fdae,
0289,
f8d9,
fb5c,
fcc7,
fec3,
fddb,
fef7,
0032,
00a0,
0101,
015e,
0035,
00ae,
ffe4,
fe55,
0176,
ffc9,
0087,
ff75,
fee0,
fe19,
0188,
ff50,
01fa,
0203,
ff64,
0163,
014c,
ffcb,
0186,
02a7,
fefc,
fe3a,
ff8c,
fe55,
fee0,
fe60,
010b,
ff2d,
015c,
ff93,
0052,
0331,
ff87,
fcdb,
fe2a,
fc98,
fcf5,
fd7b,
000c,
fe0b,
fc68,
ffd3,
0380,
0191,
ffbe,
00f5,
027f,
ff17,
febe,
fd67,
007b,
02e2,
0155,
fdb3,
fee8,
013a,
00af,
021c,
0186,
0178,
ff6a,
fe56,
ff87,
0210,
018c,
ff23,
fc7e,
fee0,
fe4e,
fe90,
fed9,
004a,
fefa,
0021,
ffe2,
fff2,
ff60,
006b,
0080,
002f,
0119,
ff2d,
fe59,
00d1,
ffa3,
0103,
00ef,
ff70,
fe33,
fed3,
ffe3,
00aa,
026c,
0166,
ffe5,
ff1e,
0316,
0267,
fffd,
0150,
01d4,
fe4a,
02d6,
00ae,
fce8,
fe6c,
00e1,
fe12,
00be,
0179,
ff67,
020a,
004a,
fe6f,
fe63,
fd46,
ff45,
0082,
fe35,
fddd,
004c,
fdf0,
01d9,
00af,
0016,
003a,
ff99,
0040,
0019,
fec1,
fec8,
fef8,
ff3a,
ff18,
0024,
0093,
0061,
ffe9,
ffdd,
fd32,
004f,
ffc4,
ffc2,
ff72,
fe59,
ff65,
ff35,
fde7,
fe32,
ff37,
00d1,
ffcb,
ffaa,
fea8,
ff6d,
fe8f,
ffb4,
fe2e,
ffcb,
0002,
0156,
02d9,
ff5b,
fe24,
00a8,
01f6,
005b,
0037,
fdc9,
013b,
ff23,
0066,
ffeb,
000f,
005c,
0145,
ffb0,
fee4,
ff08,
02e3,
ff79,
002f,
fe26,
00e0,
ffd6,
0166,
fe93,
0108,
ffd8,
ff45,
0092,
ff26,
fec5,
ffa6,
00d2,
fd40,
ff5a,
00da,
ff37,
fd84,
ffb4,
ff55,
0077,
0210,
00e5,
ffb2,
00ef,
025c,
00ed,
ff06,
fe27,
fea9,
fec9,
ff6c,
fefe,
0049,
ffa7,
ff27,
011a,
fece,
fda6,
008e,
ff66,
fe34,
fe01,
fda1,
fee4,
ffda,
fff3,
fed1,
fed4,
fee4,
ff43,
fe57,
fe36,
ffd9,
00f3,
ff13,
ffd9,
ff47,
fe98,
00b5,
001a,
018a,
ff0b,
ff07,
ff68,
ff6a,
ff6f,
001a,
feba,
ff8b,
fe38,
ff5e,
fe31,
004e,
ff38,
003a,
ffe1,
fe30,
fe90,
0130,
fdd6,
ff4c,
0046,
00cb,
01a7,
0184,
02e5,
ffcc,
0236,
0155,
ffb9,
ffaa,
0002,
00fd,
00e8,
fff0,
ff0d,
ffd6,
ff45,
fff1,
ffe0,
0071,
fff3,
fffe,
0066,
ff5b,
ffcd,
ff35,
ff8d,
ff2d,
0077,
002f,
fea9,
005b,
01b7,
fd9a,
ffe8,
0112,
0048,
fe87,
fe97,
ffe2,
ffde,
fdaa,
fdce,
ff25,
feba,
0155,
ffef,
fecb,
ff10,
0119,
0053,
0111,
008a,
ff6d,
ff2b,
006b,
0017,
ff5d,
fe4e,
feb9,
00d2,
0068,
fe48,
ff11,
013a,
fed1,
005a,
ff34,
001a,
ffb0,
feec,
0104,
fe7f,
ffcc,
fde6,
feb1,
fee8,
fe84,
ff72,
fdfb,
ffea,
0128,
fe19,
ffea,
fe24,
ff03,
0023,
013f,
fe9c,
ffa2,
0034,
feb5,
ff72,
ffcf,
ff43,
fffc,
ffa9,
ff87,
feba,
ffdc,
01f6,
0144,
0031,
01f5,
0075,
ffbf,
fe7b,
0013,
ff8c,
00ff,
fe11,
01f3,
fe78,
fe2a,
01ef,
00d6,
fe3c,
0147,
ff53,
ff63,
ff25,
00a2,
ff46,
fd41,
fe4b,
0083,
fb7f,
010a,
0117,
01e8,
00ba,
fede,
fd15,
fdc5,
fe97,
0213,
0186,
013c,
fd91,
fc2a,
fc41,
fc4d,
ffa6,
fc96,
fbe5,
fea8,
ff72,
ffb1,
0043,
ff82,
0123,
010e,
017f,
fe57,
fdaa,
0069,
0095,
fe9d,
fedb,
fce8,
ff4a,
0143,
feef,
ff39,
01ab,
00b4,
0266,
026f,
ff73,
fe9c,
ff3d,
fbbb,
fff7,
01b9,
000b,
01e6,
ff8d,
fbee,
021b,
0357,
00aa,
ff9b,
01bc,
001d,
00e3,
00db,
fed4,
fd31,
0028,
ff9f,
fe40,
fc99,
01e2,
00dc,
0041,
ffc1,
fcd8,
ff88,
008c,
0081,
fdf7,
00d0,
01ed,
ffe8,
fdb5,
fd90,
00db,
0041,
0189,
0122,
fea6,
011d,
0069,
ff38,
ff54,
ff23,
0101,
fde5,
fcaa,
fe6d,
ffcf,
fd13,
002e,
02e2,
ffc1,
ff5b,
fe9d,
ff1b,
fd98,
ffb5,
0303,
ffb7,
01c2,
fef3,
fec7,
fd35,
fd14,
fbd0,
010f,
fead,
fd11,
0030,
016a,
0294,
0073,
0095,
feba,
febd,
fe73,
ff3c,
fd2a,
fda2,
fe4a,
ff50,
fe10,
0297,
03a6,
ff18,
00cc,
009c,
fd75,
fcde,
fef3,
ff30,
0012,
02f7,
fec6,
ffc5,
ffeb,
030c,
ffa7,
00e9,
fe50,
fd52,
00e0,
0189,
000f,
fe30,
ff57,
00fe,
fff9,
ffe4,
ffb9,
fed5,
fe5c,
0012,
0009,
0434,
0238,
ff2c,
fd4b,
fd23,
fd66,
ff55,
ffe7,
fef2,
018b,
0097,
00d6,
0062,
0199,
ff0b,
fe5c,
ffb2,
ff4a,
fda6,
0054,
00c1,
0137,
ffab,
01b4,
003c,
fc4b,
fe68,
0216,
01ca,
00b9,
008c,
02e6,
0285,
02a1,
fd9d,
fc81,
fe9b,
0132,
fe68,
017f,
012c,
011f,
fd52,
fd85,
ffd9,
00db,
fd0e,
fddb,
ff71,
02b4,
0319,
fdc6,
ffbc,
0073,
007c,
00a7,
011c,
017e,
ff45,
ff12,
ff46,
032d,
0546,
ff3a,
01f0,
01fd,
fef1,
005a,
01aa,
fee9,
0029,
fd57,
fe60,
00ff,
0209,
fff0,
0018,
ff09,
ff31,
ff97,
ff1f,
ff60,
ff4c,
ff6a,
fef1,
ffaa,
fecc,
005d,
fef6,
fef1,
ff66,
fed5,
ff99,
00cb,
fefb,
009e,
fff9,
fff1,
00bc,
ff34,
feee,
ff30,
00c8,
ffea,
ff1e,
fed2,
00af,
ff35,
ff1d,
ffb8,
0078,
ffb5,
ffad,
0086,
ffdc,
ffd7,
0084,
ffbe,
0043,
ff3f,
ffc4,
00c5,
004e,
00a4,
ff86,
ff13,
00a9,
003a,
ffcb,
ffbd,
ffef,
ffbf,
ffe2,
fefe,
005c,
ff18,
ffcb,
00b5,
ff6d,
ff12,
ff84,
fffa,
ff6c,
ffff,
003b,
ff70,
ff46,
003c,
fff8,
ff3a,
003e,
00b0,
0045,
008c,
ff66,
ff30,
0080,
ffce,
ff5a,
0054,
ffff,
ff1a,
ff5f,
ffd6,
ff55,
fec2,
00bb,
00a1,
ffd1,
ff82,
008b,
00d4,
ff54,
fed6,
ffeb,
ff49,
fffc,
ff22,
fef6,
ff3e,
ffe5,
002a,
009f,
006a,
fea1,
ff5a,
0078,
0091,
005d,
00cd,
ff97,
0011,
ff2b,
ffac,
008e,
ffb1,
007b,
ff0f,
fe90,
0098,
ff47,
feee,
0094,
000b,
0056,
ff42,
feb4,
00a6,
ffc5,
0017,
ff43,
feec,
ff20,
ff03,
ff95,
ff05,
ff36,
00aa,
fed9,
0090,
009c,
00af,
ffe1,
ff91,
006b,
0001,
ffdb,
fff7,
00b8,
fee1,
ff27,
007f,
ff53,
0005,
005a,
00be,
002f,
fef1,
ff7c,
0060,
ff84,
ff43,
fee4,
001d,
ffc4,
fee5,
ff39,
ffe7,
ff7a,
ffe4,
fffa,
ff58,
ff26,
0061,
ff39,
ff26,
ff5c,
00db,
ff32,
ffa0,
ff94,
0011,
0002,
fecb,
ffaa,
005e,
015d,
0010,
ff4f,
fed7,
0036,
00b1,
ff23,
ff56,
008e,
000f,
0007,
0038,
ff3e,
ffaa,
003b,
ff86,
0031,
ff11,
ff1d,
004e,
ff7c,
ff03,
00b8,
0090,
fff7,
005a,
ff01,
ff82,
ffb5,
ffe7,
ff54,
0071,
ffed,
0057,
0037,
ff2a,
fee3,
0006,
0008,
ffed,
fff5,
ff35,
ff62,
0018,
001f,
ffde,
ff85,
ff66,
ffd2,
00b5,
00ae,
ff30,
0057,
002b,
ffac,
0086,
0091,
ffe6,
00c6,
00a1,
ff06,
00d1,
ffff,
00ad,
ff6e,
0363,
00ca,
ffcc,
ffa0,
02bb,
032c,
ff33,
ffa0,
ff9b,
01e6,
ff80,
033c,
fcb4,
ffd4,
feea,
ffab,
fefb,
008c,
ff94,
0124,
002f,
ff41,
012a,
0010,
fdf8,
ff9d,
fe3c,
0088,
feba,
ff5b,
fef7,
fd7f,
ff53,
013b,
026c,
02ec,
ff81,
fe57,
fe93,
0159,
ffc8,
fc56,
fe02,
fcff,
fc28,
fa85,
fb5f,
f947,
ff2a,
fe7a,
fef4,
fea2,
0126,
0181,
ff64,
00fe,
fda7,
ff3c,
00b5,
ff62,
fff0,
00e2,
01b2,
026c,
fe39,
ffa4,
fdb3,
ff3d,
fef6,
0053,
01ef,
ffb0,
02e2,
ffff,
00e4,
fdcb,
0201,
000f,
0059,
0058,
febf,
ff7c,
03cf,
0303,
fefe,
ff8f,
ff47,
ff4a,
ff3d,
010c,
010b,
fd4b,
00e7,
fefb,
024e,
fefb,
006c,
00f2,
0116,
013b,
016c,
ff85,
0037,
03ce,
fe58,
fe00,
ff75,
ff90,
fdec,
fe18,
002e,
fd23,
02e3,
010e,
022d,
0127,
0146,
00df,
ff93,
02a9,
000b,
ffea,
01a4,
0025,
ffa7,
ffea,
fec7,
f935,
0174,
fff0,
0109,
fe61,
0063,
0086,
0153,
0194,
0022,
fc74,
ff4a,
00ea,
ffc2,
fe98,
ffce,
0041,
fec2,
fff1,
01ff,
02a6,
fe52,
fdd6,
fefb,
001d,
fe1f,
fedf,
0076,
032e,
fc7c,
fe4b,
ffe5,
fe2c,
00b9,
00cc,
016f,
00de,
013b,
0174,
fe7a,
fed9,
0261,
0018,
fff8,
0038,
0196,
02be,
fff8,
fec6,
0279,
00bb,
0059,
ff5e,
01b7,
fdf9,
fed0,
006f,
fde0,
00e1,
0163,
0146,
fe63,
ff7d,
ffeb,
fe29,
0266,
0050,
00ba,
026c,
020c,
0180,
00e2,
00d0,
fd59,
0002,
00e8,
fe62,
011f,
0356,
018f,
feaf,
027b,
fe1c,
ff1d,
0083,
0080,
00af,
023e,
fece,
fef0,
ffec,
0271,
feb7,
fe2b,
ff43,
ff62,
fdd6,
02a3,
0023,
ffef,
002e,
0106,
004b,
01ce,
ffe2,
fca5,
fd3d,
0116,
025c,
fe16,
0096,
000c,
009f,
000c,
fff6,
ff0d,
ffe4,
0003,
ff41,
005e,
0184,
ffe5,
ffef,
fdec,
01a6,
0005,
01b3,
020c,
021f,
ff6f,
00f0,
ffa7,
fe7e,
ff44,
02e6,
00d1,
00dc,
fdd9,
0039,
01d0,
fdc5,
ffaf,
032d,
03ea,
fef4,
fe6f,
fef3,
0173,
0128,
022c,
0213,
0135,
0129,
fd74,
fa82,
fe9e,
ff8f,
ff61,
002a,
fff9,
fc72,
00a5,
03a2,
035a,
02b5,
0054,
fee3,
fec8,
01d8,
009a,
ff33,
008f,
025b,
ffac,
00a5,
0021,
0320,
fdf4,
fddb,
fe53,
feb2,
fec4,
fc98,
ff2e,
ff98,
fd12,
0148,
006e,
fea6,
fe68,
ffde,
ff7b,
fef2,
fe6d,
ff06,
ffe2,
fe78,
0089,
fee6,
fd81,
fd03,
fdc6,
00b8,
fe71,
ffca,
007a,
ff9b,
fd43,
027c,
ffad,
00ce,
005c,
fe06,
0213,
fcd8,
fc50,
fe18,
00a5,
fb5d,
fdbe,
fd29,
fdf0,
ff7c,
fa81,
ff0c,
ffbf,
0005,
ff1a,
0123,
ff61,
0159,
0290,
023b,
ffba,
fea0,
fc1e,
fed9,
004a,
000b,
fefc,
fd74,
ff2d,
fe65,
0237,
0286,
ff77,
feff,
fc3d,
fe56,
01f4,
002f,
fe44,
0022,
ff20,
00dc,
005c,
0310,
ff66,
00ae,
fc60,
fe25,
fe93,
fca1,
00a4,
0292,
00ba,
0124,
00ac,
034b,
0109,
ffe9,
0043,
008f,
fc23,
0001,
0002,
0143,
0187,
018a,
009d,
fe63,
00cc,
fec2,
fd11,
ff7d,
008f,
0085,
fe54,
fe05,
fdca,
fec3,
fdcb,
feaf,
ffd9,
fc3a,
fee4,
fd1c,
00ee,
ff2c,
fece,
fcb5,
0089,
0152,
ff60,
fe4f,
fc2d,
fee7,
0139,
0323,
ff49,
025e,
0043,
006e,
0138,
ff5e,
011f,
fde5,
00aa,
fff3,
00c2,
ffba,
fe09,
fd11,
fadc,
006c,
00ea,
ffdf,
fe62,
003d,
fe22,
0156,
ff7d,
fc65,
ffdf,
fe8b,
fcfa,
fe62,
fe62,
0061,
006c,
0151,
01e0,
ffc0,
ff48,
0038,
febb,
00cb,
feaa,
fdd0,
ff23,
ff45,
016e,
fd7a,
013d,
001c,
fefe,
00ce,
feb3,
0127,
0194,
0323,
ff19,
015c,
0011,
006a,
fe86,
ff1d,
0007,
ffca,
fc8a,
ff13,
ffe7,
fdf0,
03c7,
00ba,
fe60,
fa63,
ff86,
ffdf,
0042,
fe3b,
ff6b,
05e0,
fec1,
fd9f,
ffc1,
fedf,
feb5,
fdd6,
fd6e,
fd43,
fea2,
01f4,
01d9,
00d3,
01b8,
02e3,
0290,
0040,
0090,
ffa9,
fe35,
feec,
ff27,
00cd,
fd32,
01a6,
0272,
003b,
fd98,
00f0,
feb9,
00bf,
ffd9,
01ff,
ff0f,
00f6,
fea4,
ffc9,
00ce,
0161,
fe5e,
fff5,
0155,
038b,
036c,
014e,
fed5,
ff88,
0282,
0260,
feec,
0039,
ff91,
017d,
0086,
fe0f,
00ed,
00bc,
fe68,
fd24,
036a,
00b2,
0099,
fe51,
fd08,
ffdf,
fe01,
fec0,
ffc3,
ffe6,
0293,
0033,
ff0e,
fc72,
fbb7,
febc,
ff85,
fe79,
fdd1,
0282,
fe30,
ff56,
0039,
021c,
ff3e,
01a0,
018c,
0197,
00b0,
017c,
ff48,
fe22,
fe62,
010a,
ff38,
fdc1,
fcf0,
fe45,
0045,
0276,
ff99,
fff0,
ffdc,
004f,
fdc9,
ff9e,
0017,
0329,
00be,
0005,
0161,
feb3,
0121,
0068,
fff7,
ff95,
00b5,
fe32,
ff7f,
0211,
ff55,
fc1d,
ff3a,
0227,
01f3,
0110,
0042,
009a,
feae,
008a,
ffc1,
ff87,
0008,
0107,
00c6,
fe97,
ff1d,
fd5a,
ff20,
ff7b,
014f,
018d,
0193,
ff3d,
0139,
00ce,
fff5,
fea3,
0018,
ff6e,
01c8,
0229,
fefa,
0058,
0096,
fdc8,
fcac,
ff9b,
00e5,
ffd0,
0198,
00be,
0043,
0104,
00d6,
00d8,
0045,
ff60,
ff18,
fd4a,
fc51,
fcfe,
0066,
fe84,
ffa2,
ffd3,
001f,
fec4,
0149,
0079,
015d,
fc65,
000b,
0132,
fd5e,
ff8c,
fedb,
fea3,
ffd2,
000c,
ff90,
02ee,
0057,
008e,
0226,
ffe5,
ff8b,
010d,
fedd,
fef9,
0034,
ff25,
ff64,
021c,
fe66,
fce5,
fe7a,
00d7,
ffe8,
fd74,
fdf7,
fd51,
fe14,
fc27,
fdf7,
fff5,
ffde,
fee0,
fdb3,
ff37,
005d,
0137,
ffa4,
feba,
016c,
00ca,
0018,
fdbb,
0140,
ff40,
fd25,
fdd1,
ffe7,
fef5,
fee4,
ff6f,
00f0,
0151,
ffa3,
010d,
0026,
0082,
00ad,
0009,
ff88,
00e9,
003b,
00f1,
fe5d,
fe13,
ff2e,
fea7,
fe4a,
fcbb,
0115,
0228,
01bb,
026b,
fffa,
01b9,
fd0a,
001f,
00aa,
0200,
fe5c,
feaf,
fffa,
0041,
0198,
0028,
fe19,
000a,
0010,
018d,
014d,
024b,
01ad,
ff4a,
00f1,
0004,
febe,
febc,
0281,
01ab,
fc77,
ff03,
00b6,
ff9e,
ff1c,
00f4,
ffa3,
01b4,
0376,
0116,
ff1f,
fe31,
0149,
0021,
fff3,
00c4,
01ee,
ff7c,
01ae,
0069,
019e,
fec2,
ff48,
000b,
fbef,
fdd7,
fff7,
01ef,
fef9,
fef1,
0044,
ff65,
0093,
ffb8,
fe1d,
0083,
ffe6,
fc67,
03dc,
01bc,
fe74,
ff6e,
fe6d,
0138,
fdc8,
ffce,
013c,
fd49,
fe46,
0093,
ff25,
fd52,
ff75,
01ac,
ff30,
feb4,
fe50,
fc17,
fe10,
007f,
fe22,
fda9,
ffad,
fe2a,
fbae,
fec8,
fe6c,
01c1,
fd27,
022e,
0176,
fe85,
0159,
00b8,
0078,
ff95,
0044,
00c4,
019a,
fea1,
fdbc,
ffef,
0038,
fd45,
ff47,
01a5,
ff4b,
ffb6,
000d,
0136,
0182,
ff31,
fde3,
00fe,
0139,
00b4,
0091,
0189,
ff73,
006a,
0036,
fe9b,
ffbf,
01ef,
0268,
00ad,
ffeb,
fcdc,
018d,
010c,
ff14,
ff69,
fe80,
018c,
ff02,
fe4d,
021d,
0149,
ffdc,
fec9,
01be,
01db,
0283,
0034,
fe9c,
ff2e,
02de,
01de,
fb5d,
0047,
ff9f,
fe1f,
ff1a,
00f4,
ffe9,
002f,
fbd2,
ff24,
0176,
02e9,
fe18,
feb7,
ff4e,
fed7,
fc77,
feae,
0049,
ffb6,
fe4a,
0086,
01f9,
00a0,
0013,
01db,
009d,
ffd3,
fb15,
ff32,
fef8,
00d5,
fe7d,
00dd,
ffd6,
0141,
ff63,
fed9,
00fe,
0014,
ff3c,
0179,
022e,
0166,
ffe3,
0046,
031a,
fce1,
fdb4,
ff20,
ff3a,
fecf,
fe81,
0014,
03e7,
02da,
ff86,
ff6f,
fe77,
fdef,
fd7c,
009a,
002d,
fd88,
ff95,
ffa0,
001d,
ff5e,
fee3,
ff9e,
0169,
0033,
00fa,
ff33,
fdf9,
fd6d,
fe40,
ffaf,
005c,
fe9e,
fea5,
00ed,
022e,
fee0,
fe93,
fe05,
003d,
ffe9,
00bf,
0136,
0144,
044e,
ff3f,
ff79,
01a6,
009d,
fe7e,
fe7c,
00d0,
ffa2,
ff39,
ffd7,
ff83,
ff77,
031a,
010a,
0041,
00ab,
00ab,
fb31,
fef8,
ff7d,
011f,
0127,
0060,
fd7f,
01d0,
01ce,
0282,
fb99,
0106,
0047,
ff81,
fffd,
01be,
ff4e,
fee8,
ffd9,
fdd3,
fe89,
ff9e,
0033,
fe18,
ffa7,
0043,
0173,
0159,
01a4,
0294,
ff1a,
ff81,
fdf2,
ffb1,
fddb,
ff8a,
0175,
013e,
febe,
02e5,
031e,
00e9,
ff00,
fd12,
fba8,
fd76,
ff9d,
022f,
ff7b,
ff92,
fc66,
020f,
011b,
fca6,
fe5b,
00ce,
ffda,
fb73,
fbc2,
fc93,
fd9b,
ff84,
017e,
fc70,
ffc0,
fdd3,
047b,
fc98,
ff4e,
0155,
040c,
fddb,
fc8d,
fff5,
009c,
fee2,
fc90,
fdd4,
fcc2,
fed7,
fc09,
fd27,
ffb7,
ffc5,
fbe2,
fbab,
0215,
fe26,
fc2b,
ffc2,
02ae,
001e,
ff9a,
0037,
0084,
fcb5,
fe6c,
007b,
016f,
0111,
006a,
000d,
017f,
017e,
019d,
ff9c,
0162,
002d,
0036,
ff60,
007c,
fe5a,
fff1,
00ff,
0006,
fe77,
00e9,
0087,
0280,
004e,
0253,
02d0,
ffec,
008d,
01a8,
00f2,
ffbe,
fea1,
00c5,
0119,
0265,
fe6b,
00fa,
ff9d,
fe94,
018c,
0143,
015c,
02fc,
ff94,
ffb5,
00d1,
ff30,
ff50,
ff3a,
fe69,
0296,
fea4,
ff3d,
ff06,
01e2,
ff24,
ffaf,
ffe0,
00d7,
fb0d,
fe79,
fe6b,
036a,
fb0d,
fe07,
fb0a,
0306,
fd5f,
ffce,
fe69,
0163,
fda4,
fd46,
fc83,
fe86,
0104,
00af,
01db,
0021,
feb3,
fdb0,
fe50,
0349,
ffea,
0106,
014c,
01e7,
00d5,
0245,
0083,
008e,
009b,
fd91,
ff76,
fe2c,
011e,
01c8,
fd54,
fdce,
0044,
fdb4,
fc0b,
fc40,
fd3c,
fdf0,
fbd2,
fb14,
fd3d,
fc69,
01a4,
0344,
fc7d,
fd3e,
026c,
01ad,
0203,
00f1,
fd03,
ffa4,
015a,
00c8,
fc85,
f9c9,
fc89,
faa6,
0088,
016f,
fed0,
feaf,
ffc6,
0093,
02a2,
00e9,
ffdf,
fd9b,
0248,
ff9e,
fca0,
fa36,
005d,
004e,
036b,
0429,
ffa2,
00a8,
0004,
ff3f,
ff58,
fcf3,
fc08,
ffc2,
01e9,
ff7e,
0059,
003b,
fd0c,
003d,
00a6,
0154,
fe45,
ff31,
01b6,
0012,
0134,
fea4,
ff52,
fe13,
0150,
fffa,
fe40,
fe6f,
0129,
019e,
ff4a,
fe0e,
fe95,
ff75,
fd37,
fb5b,
0014,
feb1,
ff1a,
01ca,
0014,
fec5,
ff14,
004e,
feab,
ff6d,
005a,
01be,
fed4,
0068,
0126,
ff16,
ff0e,
0189,
0164,
fdef,
00c1,
00d7,
0055,
0066,
fe91,
fd95,
001a,
0025,
015c,
ff51,
026a,
0035,
feeb,
0142,
0109,
025b,
0005,
feaa,
00bd,
ff74,
0049,
ff50,
00a4,
0142,
ffe1,
0027,
0098,
04f7,
fd72,
fede,
00bb,
0173,
ffc6,
ffcc,
ff3a,
fd0a,
00ae,
0076,
ffe0,
f9f9,
0196,
fed5,
fd96,
0010,
000b,
fed0,
0027,
0294,
fd67,
00ec,
ff3c,
fff7,
0023,
006f,
0043,
fedb,
ffe7,
0085,
fdf5,
f99d,
ff73,
0132,
fe49,
fce7,
016a,
007c,
0137,
02a4,
ff17,
00c0,
fe62,
003f,
fef6,
fee3,
00c1,
fa17,
ffc8,
0057,
ff8a,
ff25,
00c7,
ff0d,
ff94,
0255,
ffbb,
fe7f,
fdeb,
009d,
ff0a,
0008,
ff80,
0110,
ffab,
00f7,
ff15,
fe90,
00e4,
00be,
0024,
00c4,
0090,
00f0,
fdff,
fd7e,
fee5,
fef3,
fbbd,
fe6b,
ff01,
fd59,
fed9,
01d9,
fe98,
005f,
00d1,
00c7,
fec7,
fcb9,
feca,
ff8b,
0027,
0100,
0011,
0271,
012e,
01c3,
007a,
025f,
ffb3,
0193,
ff43,
fea4,
fe1b,
0001,
0184,
020d,
0173,
000a,
ff56,
007d,
00c3,
0168,
0004,
fffa,
fee8,
ff1d,
0046,
ff4d,
01ec,
00ba,
fedc,
fe25,
012b,
00ba,
fe56,
fdb8,
014f,
018c,
fd09,
fdee,
00bc,
ff78,
ff24,
016b,
000f,
0140,
00da,
02ce,
0001,
016b,
fff0,
ff74,
00ba,
00c3,
ff82,
ffe2,
ffad,
ffa5,
00f6,
0314,
fea4,
00de,
00e6,
0236,
00f4,
019b,
fdd9,
fdad,
00b6,
0056,
fe87,
ffde,
fe79,
ff52,
00e3,
025e,
fef8,
ff16,
0030,
fd7d,
fcf7,
005f,
ffd0,
00bc,
0081,
fdd0,
ffe3,
fef1,
ff18,
fe85,
ffd6,
fe52,
032e,
02f2,
0338,
ff27,
fb09,
fb28,
ffc2,
0014,
fdc1,
ff80,
fe88,
ff49,
fd56,
00c2,
ffe5,
fe18,
fee1,
004e,
0075,
0058,
fec0,
03cc,
01f0,
ffc2,
039a,
016e,
ff9a,
ffff,
0024,
ffc8,
feca,
ffe4,
ff91,
0071,
ff27,
020c,
0381,
00f0,
0162,
0135,
00a2,
ff5d,
0308,
0021,
ff40,
fb62,
00d3,
ff9f,
fc61,
0227,
01e0,
00e5,
faed,
ff08,
00cb,
017d,
f973,
ff46,
ff76,
ffd5,
fe03,
0134,
0338,
000c,
ffb9,
0030,
0330,
ff93,
0172,
0171,
0172,
005e,
0037,
fefc,
ff45,
ff05,
0112,
01e0,
fe10,
fe5e,
ff47,
fd53,
003f,
0309,
fed9,
021a,
009f,
00c1,
feb3,
014a,
00ff,
01d5,
01a0,
0074,
fe91,
fd34,
0183,
00b1,
00fe,
00d7,
fe91,
fcc7,
fe92,
feb2,
ff09,
00fc,
ff2c,
0251,
ff9e,
0026,
ff95,
0292,
0171,
00ec,
008f,
000c,
0093,
0090,
fd3d,
000a,
fee8,
026c,
00d3,
0178,
fd29,
007e,
ff1c,
fe6a,
017a,
014f,
02d9,
00f8,
00f2,
00d1,
0112,
011c,
ffb1,
fd68,
001c,
0299,
fe83,
fea6,
00ce,
0281,
ffd7,
ffe1,
00dd,
0158,
00c7,
00b4,
008d,
fe62,
0036,
020d,
0001,
01df,
004a,
0093,
ff97,
005c,
0395,
0212,
00f0,
fea7,
0145,
01b4,
01f4,
ff45,
feba,
ff1e,
febd,
fe11,
ff12,
02c8,
ffac,
fcb4,
01d9,
0293,
0177,
fe35,
ffcc,
fd58,
fc34,
017e,
00ce,
fff6,
002a,
021c,
fce7,
0022,
00e9,
fda1,
fe78,
0140,
0092,
022e,
febd,
fd42,
0115,
0035,
ff45,
005c,
007c,
fe79,
febc,
0105,
0314,
009d,
0030,
ff6f,
003d,
fe21,
fdaa,
fbf6,
0133,
00d3,
fd89,
fe81,
0181,
016b,
fdd7,
004c,
ff1d,
fe91,
0377,
ff28,
fcfb,
fce7,
fe2b,
fffb,
feb3,
fd35,
fa75,
fd0f,
ff1c,
0081,
fea7,
01aa,
ffbc,
ff37,
03bf,
015b,
fd40,
0030,
018e,
027a,
ff3b,
00b0,
fe52,
fecc,
fda3,
0070,
01e3,
fef5,
fddd,
fe05,
ffc1,
0021,
019d,
0163,
029e,
0058,
010c,
01a1,
ff13,
ff14,
fe6b,
fe50,
fde8,
fef1,
fce3,
fcc7,
01a1,
0015,
00e2,
fffb,
00a4,
ff38,
00b3,
023d,
ff9d,
feea,
ff81,
ffbf,
0067,
0035,
fefb,
fec0,
ff60,
0080,
005b,
022c,
fe81,
fd8b,
fede,
fe60,
0085,
00e4,
000f,
010a,
0227,
fe88,
fd21,
00fb,
01f5,
001c,
feb7,
ff59,
0195,
01c6,
ff21,
000f,
022c,
0053,
fe07,
0043,
0036,
fccb,
ff2e,
030d,
00e5,
fe31,
fd8c,
00a6,
0081,
00c0,
01bf,
fea8,
ff56,
00d5,
0112,
0094,
ff91,
ffd6,
016b,
fc9b,
0055,
00d7,
fd02,
fe73,
01db,
0094,
0032,
00d2,
ff32,
014f,
01ec,
0401,
00a8,
001e,
0298,
015a,
0022,
0076,
ff23,
ff3b,
01c0,
00a5,
fea3,
0016,
0238,
007a,
0057,
fea3,
fed8,
fdf7,
ffb3,
0064,
0158,
ff7f,
ff9c,
001a,
ff8a,
014a,
00a2,
ff27,
fdfa,
019e,
0080,
fdc6,
fea8,
ffe7,
fd94,
fe78,
fe2e,
feb8,
ff68,
00e3,
ff50,
0126,
fef6,
ffa7,
0167,
012a,
01d7,
ff02,
00a5,
010f,
fde7,
ff22,
ff18,
feee,
fef7,
ff27,
00b7,
00b7,
0077,
0011,
ff2c,
007c,
0190,
00cc,
014d,
010a,
feb6,
fddd,
000b,
fdd6,
ffa5,
033f,
0093,
001d,
ffa9,
ff91,
ff67,
002c,
0121,
058b,
fea9,
fffe,
0138,
030c,
01c7,
0124,
fff8,
00b0,
0089,
011c,
0273,
0160,
ffac,
00c2,
ff3d,
febd,
fe4d,
fc4f,
fb9a,
fbc0,
0068,
fff7,
0000,
015e,
0041,
006c,
0197,
fe2e,
ff55,
014b,
fff7,
018d,
fd3d,
00a5,
0413,
064d,
0057,
ff9d,
003b,
ff30,
00d5,
005b,
0127,
ff15,
008e,
ffb6,
fef8,
01ff,
ff3d,
fc5c,
fcf8,
0119,
00f9,
ff97,
0051,
ff7b,
0214,
0050,
002b,
ff27,
00cd,
ff34,
ffea,
0146,
fd15,
fc93,
fe36,
01cc,
0046,
ffa6,
ffe4,
ffb2,
00e5,
fee6,
002d,
015b,
00ce,
fe8e,
00a9,
fef9,
0076,
ffed,
fc89,
fd42,
0145,
0104,
ffe4,
0153,
ff08,
0180,
ff82,
ff58,
feee,
0181,
ff2b,
fd89,
008c,
003e,
ff93,
ffb4,
feb1,
fd75,
ff28,
00c5,
019e,
ffa1,
fe4f,
ffab,
02e7,
ffe2,
0004,
fe7c,
0210,
0071,
ffc6,
00e4,
00dd,
00d4,
fddf,
fd22,
fda7,
fd5b,
fda8,
fbf7,
fc1e,
01ff,
0060,
001a,
0020,
009a,
0282,
01ed,
ff87,
0007,
ff54,
0169,
0116,
ffdb,
00c7,
010e,
0261,
00c9,
0021,
02e2,
0458,
004d,
ffea,
006b,
fddb,
027c,
fecf,
0110,
0175,
0028,
01bf,
04fa,
0095,
0100,
019e,
ffa1,
0064,
fef3,
0149,
00c3,
0040,
0016,
ffcf,
0055,
0239,
ff18,
00e2,
01a3,
01d3,
fdd3,
ff5d,
012a,
ff4d,
fdab,
fe03,
0083,
fd37,
fdb1,
fd1b,
fd36,
ff6a,
007b,
ffaf,
fd4a,
02d7,
00a8,
0100,
01b1,
0046,
fffc,
00e6,
00fc,
fe67,
feec,
ffee,
fcc3,
ff09,
007d,
00ba,
fdee,
ff7c,
013d,
013b,
02b0,
02e9,
0219,
ff97,
010f,
fd2b,
fbe2,
fcf9,
fb01,
fba9,
0020,
ff21,
fe14,
ff02,
0080,
fe66,
004b,
007c,
0230,
ff7e,
00ca,
fcf1,
ff4c,
ffc6,
ff5d,
ffba,
002b,
0099,
039f,
00f2,
000e,
00a6,
002b,
0112,
ffe5,
ff4d,
002a,
ffcc,
0081,
0051,
0262,
ff53,
ff8a,
00dc,
03fc,
0055,
00f9,
009e,
00fc,
ff13,
00eb,
0019,
0294,
ff84,
003f,
ffc7,
fd17,
0204,
0118,
0178,
0065,
018a,
00c7,
016f,
fe60,
01b9,
ffe7,
00d6,
ff81,
01e5,
011d,
fe77,
ff0a,
00f6,
012a,
fdc7,
fe25,
00a9,
019a,
00ce,
fd28,
0347,
0264,
0110,
0092,
ff0e,
0145,
01fd,
025f,
ffc2,
ff67,
0415,
0353,
010c,
0130,
feca,
0221,
002e,
fe93,
fea3,
00e0,
fcdc,
ff9e,
009f,
02eb,
ffaf,
00ee,
0188,
0210,
01eb,
00e5,
fe75,
0105,
0235,
fe3a,
ff28,
ffb8,
0065,
fe62,
0217,
00b4,
0049,
0129,
0239,
0131,
0529,
fe8a,
001a,
fb59,
0053,
00e3,
ffa0,
0067,
0056,
0036,
ff99,
016b,
ffdf,
fc6a,
fee8,
02f5,
0277,
020e,
0141,
ffba,
0138,
0190,
00b7,
ff69,
00ff,
fe8c,
ff45,
fd98,
fee9,
fea3,
001c,
fed9,
fe4b,
0035,
0098,
fffc,
fec5,
0014,
0079,
01df,
fefb,
0013,
000d,
0155,
fe5a,
fd21,
fe22,
0007,
fdcb,
ff5c,
ffac,
fede,
ffc3,
01e5,
ff47,
ff38,
013d,
ffea,
0107,
01a7,
0218,
00d0,
ff53,
0001,
04ad,
0116,
ff20,
00b6,
ff89,
fdd7,
fcab,
fe61,
ff08,
0395,
0283,
0386,
fe22,
fd76,
0109,
fe6d,
00a4,
0152,
02c7,
ffaf,
ff46,
fee3,
0207,
01ff,
ff5d,
ff05,
ff29,
0153,
fe2e,
003b,
ff58,
003e,
0028,
ff69,
ff39,
ffc2,
fefc,
fe1c,
0146,
0264,
ff26,
fd00,
fc1e,
fbe4,
fe3d,
ff3d,
ff17,
0158,
fff5,
00e4,
0050,
01e5,
00d1,
00ab,
00e3,
ff58,
001c,
0015,
005b,
018a,
ff01,
fd8b,
00cd,
0111,
ff17,
ff6b,
0362,
01a6,
fea9,
004e,
00bc,
0069,
009f,
ff01,
fd89,
fd3b,
fd9d,
00ab,
fe93,
fdc3,
fd14,
fe8e,
ffbb,
003b,
0029,
00ba,
0091,
0080,
01af,
009c,
ff90,
fe27,
0020,
fde8,
fe58,
ff1e,
fe2b,
fef8,
003c,
010a,
ffab,
0161,
0129,
00b1,
ff0c,
01b8,
00a8,
0263,
fe2d,
ff5d,
ff84,
ff60,
0054,
00f4,
ff01,
0048,
015f,
fd72,
ff0b,
ff3f,
00f6,
fd28,
fe25,
fea6,
fe6e,
fe48,
ffd8,
021d,
ff94,
fe7b,
0196,
01f4,
ffff,
ffcd,
01c4,
0026,
017a,
0107,
018c,
ffc9,
fef7,
0124,
ff01,
030c,
fef9,
ffa4,
fd6f,
0022,
0061,
fd4c,
fd5b,
002a,
fe89,
fe72,
0043,
0198,
fd72,
0079,
01e1,
038f,
00b9,
0114,
001e,
0164,
0147,
0198,
ffe0,
0022,
fe2a,
fcaf,
fe84,
0099,
fd40,
ff4a,
fffb,
0131,
0036,
01bc,
007b,
00dd,
fff0,
0063,
00a6,
ffaa,
02a5,
0164,
0162,
007a,
ffb0,
fe26,
ffb9,
fdc1,
0146,
fd8b,
0113,
0075,
ff6c,
035a,
01ec,
018f,
0064,
007f,
ff57,
ff20,
0021,
ff3d,
ff26,
ffce,
00e5,
ff69,
014a,
00d2,
0068,
0192,
01a1,
00be,
ff9e,
ffea,
ff8a,
0273,
fffb,
ff20,
020e,
0082,
ff66,
feff,
00bb,
fe57,
fe0c,
003e,
fed3,
003e,
fe1f,
011f,
ffb3,
ff92,
ff7b,
0139,
0081,
0119,
015a,
0039,
fe88,
01d6,
0297,
0065,
fe76,
0023,
fe6e,
ff1d,
fe05,
ff50,
01c1,
01f9,
ffaf,
0015,
018f,
ff15,
00ec,
0043,
ff01,
fe81,
00db,
ff3f,
004d,
fe39,
fe82,
ff6d,
005a,
003f,
fe4b,
ff92,
ffb8,
fda4,
fe90,
0198,
ff6e,
0039,
ffb8,
013d,
fddb,
fd3a,
0228,
0123,
ffd1,
0166,
fe20,
fe99,
ffee,
010d,
fea9,
028b,
fff2,
0124,
0142,
01cf,
01eb,
0008,
ffd8,
012d,
fec2,
003e,
ff5a,
0145,
ff65,
fff0,
0092,
0022,
fe8c,
feaf,
fe01,
fee3,
ff91,
fd83,
ff14,
00a4,
fdd3,
ff0c,
009d,
0052,
ffd9,
013f,
00cf,
0129,
012c,
0041,
ff73,
fe85,
01cf,
0133,
01e8,
ff88,
ff26,
00d1,
01bb,
003e,
0030,
ffa5,
fed6,
ff1e,
0111,
ffb3,
0075,
ff03,
fe92,
ff49,
015f,
0410,
ffae,
007d,
0159,
ff3a,
fd3c,
009a,
ff8c,
ff17,
0104,
010f,
00cc,
ff66,
0072,
0072,
02ab,
fc80,
0137,
ff24,
013b,
faf9,
008f,
ff53,
ffc4,
ff45,
00e0,
01d2,
005f,
00b7,
fef4,
ffdb,
018a,
0006,
fda2,
ff69,
ff47,
fee3,
fe4f,
0046,
01f9,
005b,
ff01,
017a,
ff30,
fe31,
feba,
0003,
013c,
015f,
fe72,
0148,
0092,
0092,
fcd3,
fec8,
ff50,
fdfe,
fd5a,
00b4,
ff2f,
01b2,
005f,
0181,
fed9,
ff32,
006e,
ff6f,
ff4b,
00d6,
ff66,
024a,
0023,
fe2c,
fe4e,
fff5,
fd57,
fcde,
01c0,
001d,
fde8,
ff92,
ff5c,
0137,
fff7,
021f,
0069,
017e,
fff4,
ffc8,
fe68,
fe4a,
fe9a,
fa8a,
ff18,
fe07,
febe,
ff78,
0055,
fe20,
ff75,
002d,
fd44,
fd41,
ff5f,
ffce,
01cc,
029c,
ff8e,
ffe1,
fbb5,
fefd,
ffec,
0181,
fe82,
ff10,
fff2,
0045,
0115,
0204,
0033,
fef2,
ffed,
ff5e,
01a6,
00f9,
ff47,
ffa8,
0194,
ff3d,
00e1,
fdc2,
001d,
fee5,
0119,
fe6a,
ff8b,
feb4,
ff05,
ffab,
005e,
fe88,
00da,
fe44,
fcd8,
fc71,
0039,
005b,
ffbd,
ff4a,
0112,
022d,
ff2d,
fff1,
028c,
0064,
fe65,
ff82,
01f6,
fd2e,
feb0,
01b9,
fef1,
ff85,
0121,
0054,
004c,
ff04,
ffbc,
0113,
0059,
0030,
0168,
0113,
0198,
0107,
ff5a,
0011,
0029,
fd52,
0001,
fe49,
fd54,
0140,
ff51,
fd73,
0163,
ffb6,
fee4,
0045,
009c,
012c,
006a,
fd8f,
0127,
fde6,
ff94,
0030,
00a5,
ff7a,
ffe3,
02d5,
feee,
01b5,
fe92,
0096,
ff6f,
fff9,
ffdd,
ffa1,
004d,
ffd9,
ffdf,
fc4c,
016a,
0210,
016b,
fdd9,
00ea,
0021,
ff4b,
fffe,
fd45,
fe27,
ffac,
fdf8,
ff59,
005f,
0203,
feba,
0278,
0107,
0060,
fcc7,
03c9,
0036,
0067,
004e,
006c,
0058,
fec5,
ffc9,
00a4,
ff91,
fe97,
fdca,
003f,
015d,
fe1e,
fc92,
01c4,
01f5,
016e,
ff05,
fdd9,
006f,
00bc,
fef8,
fe22,
00ca,
ffe8,
ffc2,
ff5e,
ff7f,
009c,
fed2,
00ed,
004f,
ff1b,
fd2e,
fe29,
fe54,
024e,
0330,
ff51,
fdbb,
ffe5,
ffff,
fe97,
0145,
fef7,
01aa,
007b,
0106,
02e6,
04eb,
fe3d,
004d,
0042,
0120,
ffb8,
01b3,
0142,
001b,
01aa,
01d6,
ff0e,
fe4f,
01c9,
007d,
fe8c,
fea5,
ff6a,
fffe,
fdfe,
ff56,
fec3,
0028,
fe22,
fdc8,
002a,
019a,
00b1,
0124,
ffd6,
ff01,
02b1,
0352,
ff8a,
00db,
feec,
0154,
010b,
0261,
ffb2,
feca,
0137,
0099,
feaf,
00d0,
0162,
ff2b,
001e,
034f,
fcdc,
0042,
ffb8,
feb4,
00c0,
00ba,
0120,
fd12,
0087,
00fb,
fe90,
fefb,
00e8,
fd54,
0014,
011e,
fe3a,
fe00,
0358,
014c,
fc1e,
ff62,
0142,
00ab,
01aa,
fe26,
035e,
fe5d,
fe30,
00f4,
ff85,
fe71,
ffc0,
000f,
ff4c,
0032,
0002,
ff94,
ffd3,
00a3,
feb4,
ffe4,
0091,
ff3a,
ffe3,
ff1a,
ff4a,
fea4,
fffb,
ffcf,
00c8,
ff33,
0086,
ff8e,
fefa,
fed2,
ffae,
0046,
ff95,
ff89,
ff76,
ff55,
ff07,
0058,
ff58,
fefb,
ff45,
fee4,
ffde,
ffe2,
ff03,
ff33,
ff39,
ff50,
0088,
0007,
ff09,
0031,
ffeb,
0016,
00aa,
ff2b,
ffba,
00b6,
ffad,
ff6e,
ffec,
ff0b,
00b3,
0034,
ff3f,
ff28,
ff79,
fee6,
0114,
fedf,
009b,
000b,
ffc6,
ffd8,
002a,
fef4,
ff6c,
ffa7,
0001,
fef6,
fee4,
fffc,
0099,
0092,
0085,
ff18,
fecc,
0035,
00b1,
ff65,
ffe9,
009b,
ff39,
0089,
ff8f,
0055,
002a,
fed5,
0078,
0050,
ff9e,
0088,
ffd6,
007c,
ff10,
ff5a,
fedd,
ff11,
ff7e,
0079,
feef,
ff6d,
ffdf,
ffcd,
ff4c,
ff7d,
ff34,
ffd4,
004b,
009c,
009d,
ff62,
ff0f,
ff7e,
fef1,
fff2,
ffa6,
000a,
ffcd,
ff7f,
ff56,
ffcf,
ffed,
006e,
0066,
0022,
fec8,
0007,
00be,
000d,
ffb3,
003f,
008f,
feda,
fec7,
ff50,
fed5,
ff5e,
0018,
0037,
ff3c,
008e,
fed0,
fee2,
007d,
ffa9,
fff0,
ff78,
007a,
ff34,
0037,
fec8,
fed3,
fea4,
ffd1,
fefb,
ffc1,
ffae,
fee9,
ffed,
0020,
ffbf,
ff0a,
fed7,
0024,
ffc7,
000c,
fed8,
0029,
ff6b,
ffca,
fff9,
ff1f,
0087,
0087,
ff94,
005f,
0088,
0050,
007a,
009e,
ffdf,
00b4,
ff46,
fffd,
fec1,
febf,
0084,
ff37,
0029,
ff99,
0068,
ff3a,
ff89,
ffc4,
ff6b,
ff34,
ffd8,
00f2,
ff3a,
0059,
0024,
ff4f,
ff9e,
0024,
00a2,
000e,
001a,
0007,
ff94,
00af,
0059,
fed6,
ffda,
fffb,
0094,
ff62,
0048,
00a5,
fff4,
ffd6,
0057,
ff51,
ff94,
0052,
009b,
ff51,
006f,
0020,
fefe,
ff24,
004d,
ff64,
ffbc,
ffc3,
ff7a,
0105,
0020,
fee9,
feb6,
ff75,
fee4,
ff89,
ffde,
ff3a,
007e,
fef7,
0048,
0006,
ff7f,
0033,
00af,
03b8,
021e,
00ec,
0035,
ffd2,
ff5a,
fe84,
0020,
fece,
ff60,
fe4a,
ffcf,
0109,
00c1,
ff6c,
fe01,
ff7f,
0030,
ff64,
fefc,
ff07,
006c,
000c,
00c0,
fd91,
ffc9,
ffa9,
0047,
ffce,
ff4f,
fec5,
fe51,
ffb6,
fff7,
00dc,
fe8a,
0048,
ff75,
ff7d,
ffe3,
ffdc,
fe52,
ff2c,
ff1a,
01b9,
feef,
ff35,
fea8,
fe54,
fdaf,
0096,
fe9c,
0249,
003a,
00ea,
0113,
036f,
003e,
0226,
01d1,
fe7a,
fedb,
00e3,
0180,
ff1d,
006b,
fec0,
ffbc,
0162,
0176,
00ed,
0174,
018d,
fe56,
015a,
ffb4,
ff2c,
010e,
011c,
016f,
fc7a,
ff27,
027e,
012c,
ff81,
005f,
001d,
fee9,
01fb,
00ea,
fe2d,
fe66,
fffa,
fde9,
02ee,
ff4d,
00ba,
001b,
005e,
0091,
fe6a,
fff8,
fefb,
00c9,
000f,
ff09,
ff20,
fee9,
ff69,
ffee,
0069,
fe09,
ffd7,
ff79,
0147,
0055,
0147,
ff90,
fec1,
fd01,
00e1,
00d9,
003f,
fef2,
00d8,
ff7a,
fd7b,
fa4b,
ff14,
0015,
0147,
0077,
ff11,
fea8,
0182,
ff89,
ff3c,
ff2f,
ff7c,
fe2d,
021b,
fea5,
ff8c,
fe40,
fe97,
00a1,
018f,
0137,
0186,
01c9,
00f9,
00cb,
ff1d,
005a,
ffb9,
ffd2,
00f8,
ff9f,
ffb3,
fd93,
ffc2,
015b,
0133,
007f,
02d3,
0148,
ffa4,
fe12,
01b6,
004a,
00be,
0010,
00f8,
0138,
0165,
ff51,
00b1,
ffc5,
ff80,
0163,
0137,
001f,
ff2c,
fec7,
ff10,
ffe1,
004b,
fdda,
0158,
0180,
ff42,
fde4,
fd0a,
002d,
01ff,
00f5,
004a,
0158,
00d4,
0104,
fe59,
ff97,
fe66,
fe6c,
fe69,
00bf,
0140,
006d,
ff51,
ff15,
0105,
020a,
ff16,
000a,
002c,
0213,
fee8,
004b,
ff79,
00b0,
fe6a,
ff9b,
ff1b,
fd4e,
fe02,
007c,
ff7d,
03f7,
0006,
0194,
01df,
02e6,
ff80,
ffb7,
00f0,
ffd0,
004b,
ff53,
005b,
ff93,
00a2,
ff99,
ff75,
00a7,
02ca,
01b4,
fff9,
0081,
ffc8,
fe4c,
fdef,
00ab,
00a9,
ff4f,
ff9a,
ffa3,
ffea,
0026,
004a,
ff5b,
ffbc,
fed9,
fec1,
ff07,
00ba,
fedf,
0038,
ffb5,
0059,
fe95,
0080,
ffd9,
ff12,
ff3c,
0099,
ff89,
003d,
ff21,
0008,
ff08,
0095,
ff66,
ff13,
ff70,
ff7b,
0002,
ff28,
ff67,
0034,
ffb2,
ff03,
0018,
feea,
fef8,
ff6a,
009a,
fe9f,
fff8,
fff7,
ff13,
ffe7,
0074,
ffd1,
ff2c,
fe69,
000f,
ff15,
ff77,
0035,
000e,
ff8f,
ff1e,
ff6a,
ff96,
0017,
ff46,
ffd8,
ff6e,
fec7,
ff8e,
fe99,
008c,
0015,
fdf5,
0046,
000e,
fefd,
0075,
ffe1,
ffc2,
007c,
000b,
fff1,
ff54,
ff46,
feb0,
0013,
ff44,
ff81,
feef,
ff8d,
00b9,
fe87,
ff03,
ffea,
fff6,
ffeb,
00be,
008c,
ff02,
00c8,
ffb4,
005c,
006f,
fed4,
ff49,
004f,
fed5,
fffd,
ffab,
ff2b,
ffee,
ff17,
0019,
fe92,
fee8,
fee0,
fedd,
ffee,
ffb8,
ff2d,
0074,
ff4b,
ffd6,
0015,
ff19,
000d,
00d5,
ffdd,
ffd7,
00c1,
ff32,
0046,
ff3f,
ff64,
fe4d,
ff77,
fedd,
ffc9,
00c6,
0021,
0028,
ffec,
fe19,
ffe9,
ff52,
0075,
fefd,
0011,
ff73,
00a1,
0056,
ffd2,
feb7,
ff44,
ffec,
fe87,
ff9a,
ff1e,
0050,
ffdd,
feee,
ff2b,
ff8e,
feff,
008f,
feac,
fee0,
ff21,
fec1,
0057,
0050,
00c3,
ff3a,
ff4c,
fefd,
ff90,
ff18,
ffc9,
fff8,
ff56,
ff35,
ffc5,
ffdb,
ff32,
ff44,
0014,
fef0,
ffb1,
ff8a,
ffce,
ffe4,
0042,
001b,
0009,
ff14,
fec0,
fec6,
ffee,
ff42,
ff92,
fecf,
ff3a,
ffbd,
ffba,
ffd4,
ff78,
ffd2,
ffb5,
ff83,
0038,
ffa4,
fee6,
00d7,
fed9,
feb2,
ffbd,
ffec,
ffdf,
ffdf,
ffdf,
0157,
ff63,
ff90,
ff02,
0035,
0040,
feb5,
0034,
ff57,
fe8d,
fff4,
ff0e,
ffb9,
0006,
ff41,
0029,
ffe8,
009c,
ffbc,
ff56,
fee7,
ff7f,
ffd1,
fec5,
ff33,
fffe,
ffb6,
ff76,
0020,
001a,
0053,
ff51,
ff93,
007e,
ff66,
002c,
ff6e,
ffea,
003b,
ffc4,
0066,
fdfe,
005f,
01c4,
008e,
fe70,
fdbd,
0061,
00de,
0245,
ff41,
01e9,
0324,
036d,
009f,
0233,
0108,
0004,
003d,
0027,
ff47,
fd9d,
ffb2,
0213,
0037,
ff20,
febd,
ffb1,
fead,
ff4e,
ffac,
ffb0,
ffd3,
ff7c,
0042,
00ce,
016f,
fec3,
ff63,
fe82,
ff17,
fe52,
00e7,
003d,
ffcf,
0308,
02f7,
0046,
fd85,
fb78,
ffe5,
0019,
fe84,
0107,
0276,
fef4,
fef3,
0407,
fe77,
00d5,
ff13,
002c,
fedc,
fc7a,
00b8,
ff1b,
fda3,
01db,
0322,
fda6,
ff54,
ffe6,
022e,
0149,
ff91,
0038,
0029,
0045,
006c,
fe6d,
0165,
00a8,
fcca,
ff5d,
00fe,
feed,
fea8,
fc91,
fea8,
fcfc,
ff17,
f9e2,
00e6,
fc36,
fe44,
0143,
ff4a,
0095,
0143,
007f,
fed9,
fde6,
ffef,
003c,
02ac,
ffe3,
ff7c,
ffe1,
fdef,
ffd2,
ff0c,
fef4,
fe28,
ffd5,
fe88,
ffb3,
01d4,
ff6a,
fe42,
ff47,
00e5,
ff8d,
fe90,
00c9,
ffa3,
00fd,
0048,
009e,
fdc2,
ff9f,
0144,
00cd,
fce2,
ffa9,
0009,
000c,
fe7d,
ffbf,
00e5,
ff59,
fee1,
010f,
ff6b,
00db,
fdcf,
0220,
0036,
0013,
01c6,
0002,
fed9,
ff37,
fe85,
fde6,
ffbc,
fd47,
ff09,
0052,
ff32,
008e,
01ff,
febc,
ff36,
fef6,
0085,
ff87,
ffb7,
ffd3,
ff8d,
0162,
fedd,
fec1,
0063,
0003,
fff2,
00ee,
001c,
0165,
fe03,
fff0,
0091,
fce2,
006f,
fef1,
ff28,
fe43,
fc79,
fffb,
0137,
ffbe,
fead,
021a,
010b,
00fd,
fff2,
006a,
ffdd,
02ae,
01a1,
ffff,
0017,
fea5,
fe46,
fee6,
0105,
fde0,
fe49,
fe0c,
fe0e,
0138,
feac,
009f,
0087,
ff76,
00a8,
0217,
0077,
007c,
00ff,
01e9,
fee2,
ff55,
012d,
015a,
fd92,
fec7,
fdd7,
ff96,
ffd2,
fd7d,
0094,
ff8a,
0333,
01bd,
00cf,
0264,
fe8d,
fffa,
fdff,
0039,
fd97,
012b,
0137,
ffdc,
0192,
00ee,
ff20,
029c,
fdd8,
ff75,
fdc4,
fe09,
0295,
005a,
028a,
0291,
03d8,
fc8a,
ff30,
00f2,
0147,
003b,
fefa,
ff8b,
ff75,
019b,
009c,
00bd,
01d1,
0085,
fef7,
0157,
043d,
001e,
0138,
007b,
fb81,
0122,
0133,
0230,
0245,
fdba,
0020,
02aa,
ff2e,
00a9,
fff1,
001d,
0045,
022d,
ff57,
feff,
ff6b,
ff64,
fe1b,
fec7,
ff06,
00e3,
fe6e,
fec3,
00b6,
ff07,
0223,
004c,
feeb,
fd33,
fc9a,
0201,
fe0b,
fe7f,
00bd,
0072,
002e,
0173,
fe2c,
0168,
fe86,
009e,
fe9f,
ff54,
fdea,
00bb,
013d,
022d,
00fb,
fdb6,
01bf,
0158,
fd84,
ff54,
0002,
fe6e,
fb6b,
ffb3,
fe57,
0023,
0226,
0119,
fecb,
fe03,
ff6f,
fdde,
ff3d,
ff39,
0021,
fe6e,
fe74,
fd7d,
fd04,
ff1f,
fe8f,
fd83,
ff70,
ffc1,
0065,
ffa7,
fdfd,
ff58,
ff98,
0155,
022d,
fe83,
008a,
00af,
ff98,
00c2,
008f,
fe83,
fe45,
ff8b,
00b4,
0180,
000a,
ffab,
ff3d,
ffb1,
0251,
01db,
fdf6,
fe16,
ff92,
015b,
fec6,
00a8,
0119,
ff7c,
fff7,
ff6f,
fe56,
0152,
00b7,
002b,
fed1,
004f,
fee6,
fe30,
fee5,
ff79,
ffac,
ff00,
fe31,
0317,
0066,
0025,
fe92,
000c,
ff37,
01f8,
01b3,
ffec,
ff02,
ff17,
fe81,
0090,
fe08,
012c,
006b,
fd4f,
0209,
ff1e,
022e,
fe5a,
ff91,
ff90,
0083,
fedd,
fff9,
fe3a,
fc80,
ff2a,
000e,
ff16,
020f,
00b0,
ff18,
0075,
0122,
fd54,
fe5d,
0013,
01a5,
fe3d,
ff6a,
006a,
feff,
004d,
012d,
0298,
01bb,
0002,
ffc7,
ff4c,
00eb,
01fc,
00a4,
ff53,
010c,
ffd3,
ff0c,
ff4c,
00bf,
01b3,
008a,
ff61,
000d,
ff89,
ff68,
00b5,
ffcf,
fe78,
ff10,
ffa8,
fdae,
0048,
ff86,
001e,
ff62,
00ae,
ff8a,
01ab,
00c7,
0066,
ff6f,
ff0a,
0048,
fefe,
0048,
0139,
ff2f,
0074,
0022,
00f0,
ffc1,
00df,
01f8,
0111,
fec7,
0248,
019e,
0177,
0147,
0072,
0099,
013e,
0110,
feb1,
01b7,
0024,
ff11,
ff08,
001d,
0096,
0261,
fefa,
0082,
ffa0,
ff2d,
005a,
0056,
ffc2,
ff6c,
ff36,
ff14,
00be,
feec,
ff77,
ff31,
ff20,
0093,
0092,
ff61,
0023,
fee3,
ff02,
0011,
fe91,
fefc,
0007,
007d,
fefa,
ffdc,
ff90,
0013,
ff8c,
ff4f,
ff58,
ff62,
fec4,
0033,
feab,
ff4a,
fed3,
ff70,
0021,
fec4,
ffc4,
feb3,
ffff,
0147,
ff4c,
ff56,
fe93,
0007,
ffa5,
0065,
ffc8,
ff6d,
ff56,
fece,
004d,
ff42,
000e,
00cb,
012d,
fecf,
ffc8,
0065,
ff51,
00e6,
fffb,
ff1c,
008e,
00ce,
ff24,
ffe3,
005d,
0058,
ffca,
ffc6,
00bc,
ff9f,
fe98,
fee3,
febe,
ff04,
006d,
fefe,
008f,
0031,
ff5f,
ff72,
ff2c,
ffcc,
0074,
0043,
0086,
004c,
ffdc,
fecb,
ff51,
ff1f,
ff25,
ff9e,
fe7c,
006a,
feff,
fee1,
fed9,
0066,
fe8a,
ff29,
ff17,
ffd0,
00b1,
00da,
0018,
002a,
fef4,
fe71,
ff84,
0001,
ffb1,
0029,
fffb,
ff19,
0028,
00e0,
0076,
0078,
0096,
ff6c,
0089,
00bc,
ff60,
feb1,
00a6,
00be,
ff7e,
ff9a,
ffa9,
00e1,
ff18,
ff89,
00cb,
fff4,
003b,
0035,
0047,
000a,
ff78,
ff7b,
0059,
005a,
ff81,
fef1,
0041,
ff01,
ffdc,
0018,
005d,
008e,
0013,
ff13,
ffac,
fef7,
ffdf,
0046,
0033,
0008,
fea1,
001e,
fee6,
ffe1,
feb5,
ff0e,
0028,
ff0d,
ff1d,
fee4,
ff9f,
0045,
ff96,
ffb4,
fe84,
0032,
001c,
fefb,
000b,
ffd9,
ff45,
0007,
008b,
0054,
fef5,
ffa8,
ff3e,
ff65,
ff53,
fee4,
ffc5,
ffd2,
fef5,
0001,
fec8,
0033,
0074,
ff86,
ff0d,
ff6b,
ff48,
0058,
00e9,
ffc1,
ff45,
006e,
fef2,
ff82,
0090,
feea,
fffb,
fff6,
ffbb,
ff71,
ff13,
003e,
ffe4,
ffab,
ffc6,
ff6e,
ffe1,
0052,
ff2e,
0048,
ffba,
fff7,
ff09,
002a,
ffc9,
fea4,
fe99,
ffd9,
ff6e,
ff07,
ff96,
ff31,
ff6e,
ff46,
ffcf,
00dd,
fead,
ffd3,
ffc4,
00ae,
ff19,
fffd,
006c,
00b7,
00b6,
0075,
ff18,
004c,
ff8b,
fe4f,
feb1,
008a,
0210,
0185,
fead,
0005,
0159,
feff,
0034,
0094,
fec4,
fde1,
fec9,
ffe5,
0017,
0015,
0081,
0210,
0113,
00b1,
024f,
0240,
016a,
0212,
ff66,
00e6,
00bf,
fe16,
ffd6,
00d2,
0194,
03a4,
ff03,
ff20,
013b,
019f,
fda1,
ff28,
00a2,
0101,
fca4,
0230,
fe36,
013d,
ffa3,
0143,
0016,
fdf7,
0116,
007e,
00ea,
fd6c,
0098,
01b7,
00f2,
fe16,
0106,
febb,
fd78,
fb76,
fe2e,
0091,
fe2c,
ff39,
023d,
014e,
ff3b,
03f5,
015b,
02e6,
ff98,
005f,
ff1b,
fc7f,
ff58,
fd7d,
007a,
ff58,
fe26,
fdd1,
005c,
00b2,
fd54,
006f,
01b6,
ffd0,
feeb,
ff1e,
ff22,
fee2,
fe50,
fdc4,
ffa5,
fe36,
ff19,
008f,
fd6b,
ffab,
0039,
00f2,
0017,
0126,
0169,
0136,
0269,
01eb,
01fb,
01dd,
ff8c,
00bb,
002a,
0131,
0088,
fd53,
ff24,
02ab,
0052,
ffc0,
003f,
0152,
014a,
0070,
fed0,
0105,
feb2,
fc97,
fdf5,
00cf,
ffeb,
ff55,
ff16,
01f4,
fd68,
fdc3,
ff9a,
02c6,
fe8d,
01c5,
027a,
028c,
ff51,
ff6b,
ffb8,
fc4a,
ff25,
00fe,
feff,
021a,
01fd,
ff90,
ff53,
02b2,
ff52,
0011,
ff97,
ffeb,
008f,
fecc,
0066,
ff48,
00c1,
024a,
fdc7,
0228,
012e,
014e,
fe0d,
fd8d,
01cc,
fcc5,
fc20,
f9a4,
012b,
ff93,
febc,
0041,
01ab,
0104,
013f,
02ea,
0018,
0103,
020a,
0227,
011a,
006a,
019c,
ffa9,
014d,
ff9c,
0099,
fcd4,
feb7,
0068,
0135,
fe5a,
02f3,
01e8,
fcd1,
fac1,
0138,
fcbb,
f815,
f92b,
ffa4,
fd7d,
ff00,
ffdf,
fdfb,
fdef,
00ff,
0038,
0058,
00a3,
0134,
ffb2,
00a7,
fffd,
00a2,
fe3c,
02de,
0038,
00e2,
ffa8,
0029,
fe5b,
0082,
00d0,
ff30,
0125,
022a,
019f,
03fd,
014f,
fd58,
fb96,
fd2b,
fc10,
ff1b,
fe6e,
fec9,
01f6,
ff2f,
ff83,
ff61,
00de,
ffed,
011c,
fe75,
0025,
0030,
fecf,
0342,
0084,
000c,
fed4,
03f6,
02ec,
02ab,
ff0f,
fdd7,
fece,
033c,
0179,
ff87,
fe0d,
fe38,
fd5d,
fd9b,
fe92,
fffd,
fd33,
0096,
0118,
0139,
ff28,
01f7,
0103,
0061,
0130,
fd27,
0090,
fe4a,
fc61,
0212,
00eb,
01d1,
01cd,
036e,
0110,
0148,
0292,
fcce,
fd74,
000b,
fcd7,
fdb7,
009b,
fe2b,
feb4,
00f0,
0055,
fdbb,
01dd,
fa31,
fc18,
ffc0,
010d,
000a,
0074,
fef2,
ffc7,
056b,
017c,
004d,
0057,
fe99,
01cf,
002a,
ffaa,
fe08,
ff29,
fff7,
ffcd,
ff3a,
0109,
ffbd,
00af,
fcef,
02f5,
01d2,
03b2,
fcfc,
fffc,
0050,
fe5d,
fc75,
ffae,
ffaf,
02d6,
ffcb,
fdec,
010a,
028d,
000b,
ff4a,
ffff,
0011,
005d,
0104,
ff87,
fdf3,
ff41,
ffea,
ffe9,
007f,
ff4f,
00cc,
00ef,
02ad,
0061,
fe83,
ffe7,
ffe9,
016f,
0325,
ffa3,
ff7f,
0204,
0252,
01e3,
034e,
fdf6,
ff36,
0078,
025f,
fe54,
ffbd,
fd4f,
fc76,
0060,
ffc2,
005a,
fee8,
0222,
ffe8,
ff69,
fe61,
0063,
02a2,
02c8,
049e,
00aa,
024f,
00eb,
03dc,
ffd0,
0046,
ff50,
fe53,
fdf6,
0242,
00bb,
ffc0,
01fd,
00cc,
ff52,
00e7,
fe44,
00bd,
0091,
fd91,
009d,
ffa7,
022d,
ffc2,
fd69,
ff79,
ffb7,
01e2,
fd48,
ffeb,
0038,
fe5c,
017b,
0136,
ff2c,
fe42,
0066,
01af,
ffbc,
fde2,
01c0,
01f6,
036b,
00f1,
007a,
0295,
008d,
01da,
fe82,
ff34,
fe4e,
fc01,
fc03,
fbfc,
fe92,
00b5,
fd78,
fc36,
fed8,
ff4e,
03db,
019c,
020d,
01cf,
00e6,
ff95,
0024,
00be,
fff0,
0255,
0210,
0189,
fd5b,
fe4b,
ffff,
0151,
ffc0,
ff57,
00a2,
0145,
00f9,
01a1,
0030,
ffe5,
0037,
fd2d,
ff2d,
fd35,
fc36,
fc8e,
ff2d,
fe29,
00cf,
0268,
ffb2,
01fc,
0182,
0172,
00a9,
ff89,
0276,
ffc6,
fe80,
fe9d,
ff63,
fc57,
fdb7,
fd0e,
ffb4,
022e,
0173,
00b0,
01f9,
fe9c,
0117,
ff35,
fecc,
01f5,
016a,
0198,
fe8c,
fd68,
0088,
0017,
0146,
ff6f,
fdbc,
fc14,
0019,
00ff,
ff1b,
fc43,
ff5f,
026c,
ffc8,
ff22,
0043,
002c,
ff51,
fe5a,
007a,
00ca,
0146,
fe4c,
00bb,
fe8d,
0001,
0093,
ffff,
00d5,
fffc,
0046,
fe29,
0086,
fdd5,
fb9b,
fdfa,
01ac,
01cc,
ff49,
fd66,
ffa2,
00f4,
04bb,
fe01,
fbc8,
fe1a,
fe83,
02c8,
0251,
fe23,
0161,
01f8,
0150,
fee9,
0138,
0082,
ffd4,
feba,
0190,
ff47,
fe6f,
fd57,
01b6,
00ed,
ff78,
01fe,
050e,
0153,
0195,
01b9,
0159,
fe86,
00ba,
fe06,
ffe1,
0284,
0103,
feb6,
fe58,
01ac,
fee8,
ffca,
0043,
0071,
fdcb,
0265,
0218,
ff95,
00c1,
fed5,
0055,
ffbf,
006d,
026e,
ff9b,
feb5,
ffa0,
fec5,
fd28,
0010,
fe0b,
fdc2,
fd86,
0119,
fef4,
ffc2,
feda,
ff9c,
fe12,
ff12,
ff36,
fdee,
fdcd,
013c,
fd4b,
ff28,
febf,
ff03,
fd12,
fe31,
0057,
014b,
0251,
fe03,
fe99,
005a,
fb83,
fe25,
fedd,
fff0,
fe15,
fea5,
ff97,
fd2e,
fe22,
0090,
ff09,
fdeb,
0052,
003e,
0099,
ff0e,
ff74,
011f,
fd3f,
fe59,
0085,
ff44,
ff4d,
0054,
ff6e,
fe22,
013c,
ff5d,
0051,
fe6f,
fef2,
feef,
0014,
01ef,
015f,
0009,
0212,
00d3,
ffc8,
01e8,
00f6,
ffa5,
0077,
0027,
ffa9,
ffd4,
00c0,
0330,
ff9c,
0019,
0052,
0111,
ffc6,
ffb1,
fffc,
01e5,
ff41,
ff46,
0009,
ff1c,
fd80,
002d,
0122,
fe9d,
035c,
0220,
02ff,
ffab,
0211,
015a,
ff7d,
008a,
feb8,
0170,
006e,
00f6,
fd6e,
ffaf,
ffcf,
01f9,
025e,
ff4e,
0163,
0352,
008a,
001e,
ff5a,
fe7b,
ff88,
0180,
fe70,
00f8,
feb2,
fd0d,
00a1,
037f,
0128,
fe3a,
0230,
0021,
ff34,
001c,
0073,
fe80,
0054,
013a,
0052,
ff83,
ff6c,
fdbd,
ff9a,
ffca,
013a,
01ae,
02c5,
0075,
00fa,
01f0,
ffe0,
003e,
fea3,
ff84,
ff2c,
0144,
ff50,
01c8,
011a,
ffdb,
ff28,
008b,
0275,
009c,
0049,
ff66,
fdc2,
006c,
0157,
fed0,
00d4,
ff44,
0126,
005d,
00fa,
fdc4,
fdd8,
ffbe,
fbbc,
fc5a,
fd78,
fde7,
fd3a,
ffb4,
ffbb,
00b1,
feee,
ff49,
00f9,
ff76,
fe94,
ff59,
009e,
ffb1,
fdd7,
fda1,
0147,
005d,
014d,
00b9,
0096,
ff1b,
fff4,
feac,
fdce,
fdd8,
ff05,
fe2e,
fd1d,
fe4b,
feef,
0026,
fecc,
fe97,
fca5,
ff0e,
feb1,
fe69,
fe08,
fdf0,
ff6b,
ffef,
febb,
0055,
fed7,
ff2f,
009d,
ff20,
ff84,
00f4,
fff6,
ffb3,
ffe3,
fccb,
00c8,
0252,
ff5a,
00b0,
fd82,
fe6c,
feaf,
006d,
ff6f,
000d,
ffb5,
fdc4,
ff54,
ffa7,
013c,
fe83,
007d,
ff43,
fefc,
0005,
ff80,
0092,
fed9,
00de,
0038,
ff41,
ffa8,
fedd,
fc9f,
fe00,
fe2e,
fed6,
fef8,
fef3,
fdeb,
011f,
fec7,
0056,
008c,
fe84,
fd0a,
fdd4,
004d,
fd6d,
feed,
ff08,
fdf8,
fdbb,
fe44,
005b,
ffdd,
ff61,
ff36,
fff8,
00b0,
0114,
0093,
0070,
feaa,
fed7,
fecd,
0068,
0058,
fbf6,
fbdb,
fc56,
fe38,
00c1,
00c3,
fe13,
fd35,
ff84,
fdf5,
fcf2,
fd84,
fd33,
fcbb,
fe90,
fe82,
fec8,
fe86,
ff9d,
0255,
0075,
fcfa,
ff05,
ff15,
fe75,
0018,
ff33,
fed1,
fc90,
fee5,
fe07,
ff1c,
fed1,
fff0,
015f,
01ba,
0079,
ff16,
003b,
0005,
018d,
fe44,
fff7,
004b,
fe79,
fd36,
fd82,
ff28,
00aa,
fe63,
0089,
001d,
fc9c,
fd72,
fcbd,
fed8,
fe9d,
fe52,
fe5c,
ff36,
fea0,
ff56,
fe91,
ff0e,
fecd,
fe2d,
fe32,
0111,
ffb1,
0026,
006a,
0075,
fecb,
fdc5,
00ad,
ff9b,
fdaf,
fdc8,
0035,
009d,
fea1,
ffeb,
ff64,
00ba,
ff18,
fe84,
0094,
0127,
00ba,
ff33,
0047,
0021,
fe71,
fdf3,
fe14,
fe94,
febc,
fe31,
fe37,
0062,
01ee,
001c,
fca1,
fd75,
0107,
001c,
ff6d,
fefd,
fe99,
fdf4,
ff71,
0142,
fff0,
fe11,
ff3e,
01de,
fdee,
fdf8,
001c,
023a,
fdf6,
fce9,
fd89,
0007,
ff90,
fee3,
01fd,
ffaa,
0094,
0232,
020e,
0014,
0116,
0171,
fe86,
fe61,
fd2f,
0013,
fe79,
fd08,
0187,
ffa6,
fe92,
ff59,
0088,
0018,
0035,
01cd,
ff36,
ff2a,
ff72,
ff43,
0271,
0105,
0188,
00ac,
00f5,
0050,
ff45,
02ba,
fb1d,
fccf,
fd58,
00b3,
ffe6,
ff85,
fe48,
012c,
fd92,
ff03,
ff5e,
fd58,
ff6c,
0029,
0087,
ff3b,
012d,
0082,
00b0,
010e,
ff86,
01b1,
012d,
ff79,
fd73,
fde6,
0057,
0128,
fd2b,
fe1f,
0022,
ffcd,
fcf9,
00c2,
00ab,
fd0f,
00d8,
007a,
ff65,
ff2d,
0038,
01db,
007b,
ffeb,
017c,
ff1d,
0195,
04b9,
fe8f,
fdcd,
0191,
ff42,
0110,
ff58,
0162,
010a,
fe81,
fd48,
fd4a,
fdc0,
0056,
00a0,
ff99,
ff57,
0268,
009d,
004c,
ffd5,
fe48,
00e7,
fd77,
0002,
fe20,
fe37,
010c,
ff05,
fe93,
007d,
ff80,
013f,
fcc5,
ffc9,
0221,
01e4,
0138,
0109,
00ff,
0060,
0075,
ffea,
fd11,
fd4e,
fbcc,
ff18,
0021,
ff00,
ff7f,
0084,
feda,
fe4e,
020f,
0030,
ff7d,
fefe,
fe92,
ff1d,
fe44,
ffec,
feab,
fe84,
fe2b,
0127,
0099,
0029,
018c,
00df,
fdf4,
fd02,
01e2,
0133,
ffa5,
fd60,
01e2,
01f4,
feb4,
fcd1,
0032,
013e,
ff2e,
fe27,
013a,
002c,
ff7d,
fd37,
ffef,
fe70,
ff3d,
fcbf,
ff61,
ffc4,
01b6,
fefe,
fee4,
0225,
003b,
fe87,
01ef,
019e,
ff27,
006f,
ffb4,
0322,
ff73,
fecc,
feb6,
ff53,
003c,
ff60,
ff14,
0206,
ff15,
fd57,
0175,
0202,
fd58,
feda,
ff45,
00e6,
fe22,
fe23,
fdad,
0210,
0009,
fec5,
fe0d,
01e5,
00d1,
0120,
ff64,
035f,
0189,
ff16,
fdfe,
fdf8,
fc6d,
fec2,
fbd8,
fe0d,
009d,
ffbe,
fd23,
00fc,
013a,
ff0b,
ff5b,
0205,
00bc,
ff27,
000d,
ff22,
ff9d,
fc48,
fece,
fe78,
fe66,
ffb4,
ff38,
fe4c,
0109,
ff8b,
0117,
015f,
013f,
00cd,
ff27,
ffc7,
ff7c,
01dd,
0099,
ff1b,
00a3,
fff2,
fff2,
017a,
0267,
00e6,
0203,
02e1,
0033,
0050,
0134,
ffa6,
fd23,
ffe7,
01e6,
ffc1,
0064,
ff37,
0073,
fca9,
fddc,
ff2d,
ffd6,
000c,
fecc,
ff59,
0171,
fe1a,
fffd,
ff93,
fd26,
ff07,
016f,
fe42,
ff60,
000e,
0263,
0206,
ffb9,
feb2,
ff5a,
fcbd,
0027,
fee7,
01aa,
feda,
0064,
009e,
000c,
fe4a,
0148,
0165,
ffa5,
fff4,
fec8,
ff74,
ffac,
fe3a,
fffe,
ffa4,
018f,
0085,
fe26,
fcc4,
ffb6,
ffae,
fedc,
0051,
0120,
ffdc,
00e3,
031f,
fc90,
fe8b,
01cc,
ff48,
fef6,
ff61,
00c0,
fe9a,
fe2c,
011a,
fe94,
fceb,
ff4a,
00cf,
ffa0,
ff96,
ff53,
01d7,
ffc9,
0142,
001a,
ff8e,
ffa0,
021f,
003a,
00d5,
ffcb,
fcf9,
0136,
002f,
fe8e,
fd52,
feb5,
ff00,
0220,
008e,
0247,
005e,
fde0,
fefa,
0169,
0073,
feee,
0007,
0085,
00a8,
fff6,
fdb2,
ff17,
006c,
ffdd,
00ac,
020f,
fff1,
ff43,
0130,
01e0,
00b2,
000a,
ffc3,
0167,
01cf,
feb3,
fb45,
ffa9,
ff6a,
0053,
01aa,
ffee,
02b5,
01f5,
feb2,
0145,
003d,
ff1c,
fb4b,
ffcd,
0016,
0168,
0107,
ff84,
ff76,
002f,
fe56,
0029,
00b4,
ff1e,
f87e,
ffd3,
0097,
fe37,
ff10,
ff11,
0068,
0047,
00d0,
ffdd,
fef8,
ffe1,
015f,
fecc,
00b1,
ff5c,
ff21,
ff9a,
ff70,
ffb5,
ff4f,
020e,
00ea,
0020,
00cf,
ff0a,
fe33,
0090,
feea,
00a0,
fe69,
0166,
027c,
fd84,
fe52,
ff0f,
ff10,
0024,
fd9a,
fe22,
0033,
004a,
ff94,
ff52,
0076,
00c9,
ff94,
ffd0,
ffb0,
00c9,
0106,
02d0,
fe0a,
ff53,
fe75,
feae,
fe83,
001e,
0184,
0189,
00f2,
010a,
00d8,
0292,
0223,
fff8,
0095,
00aa,
00ee,
ff1b,
ffc9,
feab,
fdfb,
ffe2,
ffeb,
ff29,
012c,
ffd2,
038a,
00f4,
ffc4,
0088,
0038,
fdca,
0066,
fe6c,
0097,
0084,
02da,
fe60,
fd31,
fe45,
fecb,
fd7b,
013c,
0180,
0114,
fe23,
ffef,
ff80,
fe6c,
ff4d,
fedd,
fc15,
fe21,
0069,
fff8,
ff15,
02bc,
ff1d,
ffc5,
0056,
014b,
fcd9,
fe48,
feac,
fe78,
019e,
019e,
fe32,
ff33,
fe68,
fe37,
fef4,
fe3f,
fd2e,
fcc9,
fd70,
fb37,
02be,
ff79,
fe5c,
ff97,
00ce,
fbee,
01cf,
0436,
fef1,
01e1,
0153,
002c,
ff4f,
0098,
fe8f,
fe50,
fbb9,
fdb5,
ffdd,
fe56,
ffdf,
020b,
00db,
0010,
0120,
fe2c,
fe8d,
ff44,
006b,
fb6b,
fe7c,
fd9b,
ffda,
00b7,
fd10,
fcea,
0134,
fea2,
fc4d,
fe15,
015e,
015c,
0075,
00f8,
00c9,
ffcc,
ff30,
fce7,
fe55,
001f,
feeb,
fe1c,
0254,
fee8,
fe94,
fe3f,
ffb9,
ff70,
feef,
fff4,
0164,
016b,
0123,
02a1,
0097,
01c3,
023a,
0190,
fc42,
fc9b,
fbfe,
ff6b,
fe65,
ff86,
feba,
ff43,
fd2e,
007b,
0247,
0161,
fef0,
fd3a,
fd94,
0067,
00cc,
0002,
0140,
00eb,
fc3c,
feaa,
ff60,
fd20,
fe51,
fc17,
ff98,
033f,
02ee,
0255,
0103,
02d4,
fb82,
fca8,
0122,
0339,
0035,
0063,
feed,
0020,
0206,
ff72,
0140,
01e1,
fc82,
00ee,
ffe6,
fd89,
02a3,
fff2,
fb38,
fd4a,
0051,
ff24,
fea2,
fcb8,
fe8c,
ff29,
fdc8,
ff60,
fe5f,
017e,
fe19,
fca8,
febc,
0069,
feb6,
fd6a,
fd56,
fe5f,
fdba,
fff3,
00ec,
0236,
01fe,
01e0,
fcdd,
fd41,
ffda,
0028,
0009,
fcba,
fcfd,
fce5,
ff3b,
ffa5,
ff77,
fea9,
ffb9,
fdf0,
fdc6,
fd4a,
fdab,
0172,
035f,
ff42,
fd7a,
ffdc,
fede,
fb30,
ff20,
fd46,
fedc,
fcee,
0229,
02b9,
020b,
fe6f,
fe22,
0079,
fdcb,
fe55,
fcec,
fcdf,
fe6e,
ff86,
007c,
fd25,
010a,
ffab,
013d,
0230,
03e0,
029f,
feda,
feda,
02d5,
02b0,
fec3,
ffdc,
fff4,
ff79,
00c4,
015d,
009f,
01c8,
fd53,
fe82,
fe3a,
0122,
fd1a,
01f0,
007c,
fd1e,
ff88,
fdf8,
fc51,
fbe5,
0054,
000f,
fed1,
ffd4,
ff3c,
ff40,
ff8b,
ff70,
0082,
ffc0,
0072,
0087,
ffdd,
ffbf,
ff95,
0061,
ffae,
ff5e,
001e,
ff7b,
ffff,
ff2d,
000a,
0025,
0057,
ff70,
fff8,
0005,
fefe,
ffaf,
0046,
ffe9,
ff35,
00af,
007f,
0009,
ff5a,
005c,
fecb,
ff0e,
ff55,
0027,
ff28,
006b,
fffc,
00bb,
00da,
ff17,
003e,
fef8,
0040,
004b,
ff5e,
ff5c,
ff4b,
00b0,
0016,
0096,
0054,
0000,
ff45,
ffae,
ff1d,
ff61,
0079,
00e8,
ff45,
ffb3,
ffbc,
ffce,
ff6a,
ff6b,
ff39,
ffe5,
004a,
fee8,
ff7a,
fede,
ff27,
ffc2,
ff04,
00b3,
009d,
ffcd,
ffad,
ff6b,
fefd,
ff2d,
ff0f,
ff5d,
0083,
ff68,
0031,
0078,
ff0e,
ffd7,
fecf,
0069,
ff87,
0002,
0019,
ffb0,
fee6,
ff34,
0051,
ff50,
feb5,
ffec,
ff82,
febd,
ff0a,
00c1,
ff67,
00af,
ff3b,
ff56,
ff82,
ffed,
0092,
0077,
feed,
003b,
fefd,
ff7f,
0024,
ff1d,
ff3a,
0026,
fee5,
0001,
ffb4,
fecb,
ffa9,
0063,
fff4,
ffde,
0006,
ff0b,
ff92,
ff47,
ff75,
fedf,
ffac,
00cc,
00b6,
ff2e,
ff73,
ff23,
0091,
ffc2,
fef5,
004c,
ffaa,
fefb,
0086,
000b,
fec8,
0017,
ff6c,
fed4,
0029,
008b,
00ac,
ff9d,
ff33,
007f,
0060,
006c,
008e,
ff78,
0012,
0020,
ff41,
ffb0,
feea,
00c5,
ffe6,
feed,
ff2a,
fef2,
0095,
ff26,
fff8,
0037,
ff98,
004c,
ff6f,
0019,
fef3,
ff74,
006b,
febd,
ffd1,
005e,
ffa5,
009a,
ffaa,
0017,
0094,
ff80,
ffb4,
ff98,
ffa1,
001e,
ff0b,
00b0,
0006,
0023,
ff68,
ff8e,
0099,
fee5,
ff5c,
003e,
ffc9,
fef4,
ff8b,
ffd9,
ff59,
002c,
0026,
fec3,
0024,
ffba,
ffee,
fffc,
ffb6,
ff13,
0040,
ff4b,
002e,
ff83,
ff82,
ffc8,
ffb6,
ff63,
fef9,
0002,
0055,
fef1,
feed,
ffc6,
fef2,
ff14,
ff3c,
ffb3,
ff3b,
fff4,
ffc9,
009e,
009f,
ff7a,
ffaa,
fedc,
00e4,
feea,
fe42,
ffdf,
ffa8,
ff0e,
fe91,
01c7,
01de,
ff4a,
fdf4,
005e,
03d4,
032e,
fcd0,
fcda,
ff72,
024e,
01b9,
00ef,
ff5c,
fd6d,
001d,
0167,
0097,
ff41,
025f,
0095,
001c,
feb2,
020a,
0193,
00ee,
0077,
fe4b,
ff8b,
00ed,
ff53,
ffc8,
01ca,
00ff,
ffa1,
ff5d,
fdcc,
ff41,
fe61,
fd77,
0134,
ff0f,
feac,
fd59,
0014,
fea3,
fe54,
ff02,
003c,
003d,
ff5e,
feec,
ff72,
015b,
ffc8,
00e7,
0283,
fdb7,
fe28,
0244,
026c,
0355,
005c,
00f7,
0124,
00bc,
00c0,
010a,
0195,
ff07,
fef0,
ff43,
ff79,
fffb,
0205,
00c2,
ff32,
feb1,
fed3,
fea0,
0169,
fedc,
ff44,
0000,
015d,
fff1,
fe4c,
00a4,
ff1a,
feb9,
ff92,
002b,
00fd,
0226,
ff90,
ffa4,
fd63,
fd55,
fff7,
0065,
009b,
fe97,
ff07,
0092,
fe7d,
fefe,
0039,
ff24,
ff4d,
ff2c,
fe34,
fff5,
00d9,
01cb,
02b7,
ffdc,
ff02,
ff45,
00c1,
febe,
0039,
0095,
0261,
0052,
00b0,
01a2,
005b,
000d,
ff96,
004b,
012a,
ff1e,
fe50,
fde5,
fef7,
fdfd,
ff30,
fe1f,
fe57,
0220,
ff26,
fea8,
fed1,
ff9f,
fe73,
fe25,
ffa9,
01b6,
fed8,
fee3,
fd2f,
0082,
0154,
0160,
0109,
00cd,
0036,
ff20,
ff61,
ff6d,
00c8,
ffc7,
0015,
fee7,
0005,
ff24,
fee2,
fe7b,
00b8,
feda,
016f,
0067,
fe61,
00cb,
01ad,
ffa9,
ff8f,
00be,
ffb0,
0124,
fe7f,
fe52,
00a4,
015e,
00da,
ffe5,
0281,
0288,
0058,
fed4,
ff45,
ffb9,
ffd6,
fe11,
ff79,
018a,
0088,
0012,
0002,
03a5,
02fb,
ff1c,
fdcb,
0046,
ffb7,
0372,
0284,
feb2,
fef0,
fede,
ffc6,
00b2,
fdfb,
feca,
ff80,
000f,
fefb,
018c,
0279,
0134,
022b,
0187,
ff6a,
fee4,
ff19,
fd40,
fccc,
ff71,
fe50,
fce9,
0085,
012e,
01e8,
0054,
0365,
ff5b,
fe39,
ff3a,
0006,
fd63,
fe56,
fff0,
fec2,
00a9,
02b0,
01cb,
0093,
0072,
02c7,
02a3,
0367,
fd87,
0269,
00e7,
0010,
fd6e,
fdb6,
019e,
fea5,
ff77,
ff2f,
fe6d,
fe13,
00ca,
00bb,
fc8a,
fad5,
feba,
00ed,
fe98,
ffe5,
01f2,
0094,
018d,
00b7,
0138,
016d,
00c2,
0037,
0122,
feab,
ff9c,
fe63,
0000,
ffde,
ffa5,
fdc6,
ff68,
feb7,
fffd,
fe50,
ff7b,
ffc2,
0242,
fe69,
ff6a,
feb8,
fe65,
026c,
fd79,
fc35,
fe8d,
fd57,
037f,
014f,
ffa1,
fe49,
0172,
01c2,
fed0,
0157,
ff83,
ff86,
fec8,
0072,
ffac,
febe,
fd11,
ff2a,
01db,
025a,
00a4,
0556,
02a0,
00d8,
01d8,
0279,
fffc,
ffa5,
002b,
fd6d,
00ca,
011b,
0090,
fcd9,
0144,
001b,
fe72,
ff57,
0270,
00a0,
feda,
0243,
0247,
fe62,
ff9b,
017d,
fd1e,
ff45,
00fe,
0245,
ff0a,
fed7,
ffb8,
ffb5,
fff0,
0015,
ff47,
fe74,
00a2,
ff7e,
fec8,
ff70,
fe59,
fe1f,
00bc,
0005,
0272,
fdf6,
ffb8,
fd3f,
000b,
004c,
ffbb,
fa3f,
ffbd,
ffee,
fe3e,
fa50,
fe52,
ff46,
fffe,
00e9,
fd65,
fd58,
fffb,
feee,
fe12,
fe8f,
ffb3,
00b6,
ff3f,
0069,
fee2,
fdf1,
fe42,
fdbf,
fdd5,
fdc9,
00b2,
006a,
00b3,
032c,
013c,
0070,
0132,
002a,
02bf,
ffa7,
fd97,
fee7,
ff7f,
0042,
ff7a,
009c,
0078,
0146,
ffb8,
0056,
011d,
000b,
0063,
0110,
008b,
fea7,
ffea,
02c7,
fd4b,
feb2,
002e,
016c,
00f9,
0046,
00c9,
00f5,
001a,
0185,
0098,
feb4,
014e,
011b,
fdcc,
fe6f,
0072,
02d7,
ff94,
ff09,
01d9,
000d,
ff8b,
ffe5,
008d,
ffe3,
fdd5,
fdc2,
0193,
0010,
ff5b,
ff56,
ff4e,
020b,
0114,
02b5,
0059,
0179,
02bd,
019a,
01e6,
001e,
feba,
ff32,
0133,
fdf1,
fd06,
0081,
fd4e,
0171,
0274,
0400,
0190,
017e,
024e,
017b,
00b7,
ffbb,
fda7,
ff2c,
0190,
ff64,
fc6f,
fe6b,
fdd0,
ffbe,
fff3,
0077,
ffc2,
02db,
01a9,
0283,
0064,
01ed,
ffa1,
ff97,
0278,
0043,
ff51,
fd77,
fe49,
ff0a,
00cd,
0020,
0450,
02eb,
0192,
fead,
fec3,
019d,
ff1f,
0053,
fd7c,
fdf4,
ff9f,
ff93,
ff0c,
0094,
ff32,
ff25,
0278,
015f,
ff52,
ffc1,
01e5,
0355,
0118,
00c3,
0311,
01af,
ffa1,
ffb0,
0080,
0054,
0112,
0301,
ff84,
00b5,
0032,
fe13,
fef5,
ff15,
010b,
fedc,
fb1b,
fe64,
008d,
ff11,
fea8,
0122,
ff84,
ff74,
fd63,
0136,
ff97,
00cd,
fb57,
ffe1,
0123,
0153,
001a,
0280,
005b,
fe65,
ff65,
fec5,
fe58,
ff44,
00a1,
02c0,
ffa0,
0111,
02f3,
0154,
018c,
fe1f,
00bd,
fe8f,
fed7,
ff6e,
00b3,
fe52,
fbae,
fff2,
ffca,
0007,
ffb0,
013f,
018d,
00fe,
0025,
008d,
01dc,
ffdd,
fdbe,
fd6a,
ff70,
0029,
006e,
00b1,
ff63,
ffa8,
ffe9,
ffb3,
ff27,
feb4,
fef9,
0117,
0028,
0061,
01a5,
01dd,
fff2,
0238,
ff00,
000e,
fdf4,
004c,
fe1b,
ff70,
ff9c,
fd66,
fec1,
01c2,
fec8,
fef8,
ff7d,
0240,
0106,
011d,
feeb,
0079,
0051,
00ff,
ff5e,
017a,
fd94,
fc56,
fe9a,
008b,
fc55,
ff17,
febd,
00cb,
ff01,
0000,
fdd6,
fe4d,
ffc1,
fe84,
feff,
0081,
0227,
ffcb,
ffaa,
001c,
ff4a,
fec9,
ff4e,
00f1,
00ac,
ff94,
fef9,
ff5b,
0127,
0288,
00d4,
03ed,
0178,
0208,
01b3,
ff44,
01ad,
ffd2,
fded,
fffe,
0069,
fed6,
000a,
0016,
0112,
ff91,
ffbf,
00da,
fecc,
ff9d,
013b,
ffdf,
0039,
fdf5,
ffc4,
0249,
02d7,
ff25,
fd51,
ff7f,
0092,
022b,
fdde,
fffa,
0262,
0207,
ff90,
ff04,
03b5,
0089,
fdb8,
fe4e,
feac,
0180,
01af,
fecd,
ffe0,
ff6b,
01d8,
00d8,
ffab,
fec8,
ffa4,
00aa,
005e,
fec1,
03ad,
01ea,
01e3,
00fd,
0255,
0022,
0078,
0113,
fece,
ff86,
fe63,
ff1d,
fe58,
ff1b,
0090,
0291,
ff8a,
007a,
fc12,
fd11,
006a,
000f,
fe5a,
0128,
002c,
015e,
013d,
042c,
ff3e,
ffc4,
0004,
ff7c,
ffc2,
ffe3,
ffb5,
ffeb,
ffb4,
ff98,
0007,
feff,
ffb8,
ff03,
00e9,
009b,
001c,
009b,
002c,
ffec,
004a,
ff33,
ff29,
feec,
ff72,
fed8,
002e,
0071,
ffd1,
0041,
00bd,
fff5,
fef3,
00d2,
00e4,
ffea,
0001,
ff7f,
ff92,
ff32,
ffcd,
007c,
ff8b,
00a8,
ff24,
ff0c,
ff25,
ff96,
fefc,
ffe6,
0022,
003f,
ff65,
ff26,
0074,
0041,
004c,
fff9,
0020,
009d,
ff6e,
fff7,
0024,
0048,
fff2,
00cb,
001d,
ff35,
ffb8,
001e,
0020,
ffea,
ff21,
00bf,
ff4d,
ff49,
ffb1,
ffb5,
008b,
0082,
ffd6,
ff56,
fff8,
0011,
0070,
009f,
008e,
ffd0,
0059,
ffbe,
0064,
ff5b,
feeb,
ffdf,
00a3,
00b7,
0016,
ff18,
ff03,
ffd4,
00dc,
ff6f,
006a,
0053,
009d,
fffe,
ff5e,
004a,
0080,
ff47,
ff36,
ff2f,
005d,
ff8f,
ffd7,
ff2f,
ff15,
ff54,
004d,
ffb7,
ff62,
004b,
0094,
ff20,
003f,
ff4f,
ff07,
ffe4,
000d,
fffe,
0055,
0026,
ff04,
ffd8,
ffc5,
ff84,
ff42,
ffa3,
ff0a,
ff6e,
ffe8,
feb6,
ff8a,
feeb,
ffac,
ff80,
ffb8,
0043,
ffb6,
00c3,
0040,
ff84,
ffa8,
00a0,
fef3,
ffda,
0073,
ffae,
ff4f,
ff4c,
fff9,
ff7e,
0025,
ff4c,
fff2,
ff16,
fef3,
005e,
fff7,
ff09,
005a,
fef8,
ff98,
0030,
ff5c,
ffa9,
0064,
ffea,
ff51,
fff9,
fff2,
ffc2,
ff77,
feeb,
fee1,
ff0e,
fef3,
0052,
002a,
000c,
ffa3,
ffe2,
ffe6,
ffdf,
ff34,
0001,
ffc2,
001d,
ff82,
00cc,
0001,
fff0,
0040,
0080,
ff2f,
00dc,
0095,
ffe0,
ff5a,
ffbc,
ffe1,
ff0a,
ffe7,
ff79,
001d,
ff0e,
0028,
ff39,
ff5b,
ffeb,
ffa2,
00b8,
0016,
ff01,
ff74,
ff76,
ff87,
0069,
ff0c,
ffa5,
ff51,
ffb0,
ffd5,
ffd1,
ff50,
ffa1,
00cb,
006a,
00bb,
ffa7,
0012,
0068,
0033,
0035,
ff69,
fef9,
ff35,
ff7d,
ff75,
ff7b,
ff69,
007b,
ff76,
ffa4,
ff10,
ffc1,
0009,
ff89,
fefe,
00ac,
0029,
003b,
fd3c,
fee0,
002d,
fef8,
00db,
011a,
00f7,
fe7b,
0066,
00d1,
fec3,
fd6e,
fdf6,
ff59,
ffb2,
0086,
0172,
ffa7,
ff12,
feaf,
fd93,
00c5,
0119,
031f,
0310,
015e,
ffb1,
005b,
ffb3,
0023,
0164,
ff64,
fd4b,
fb28,
fd3b,
ff3f,
01b1,
0114,
ff3e,
fe1a,
00cd,
0053,
0061,
02a0,
fc93,
003e,
02ed,
0131,
00ae,
00a7,
0015,
0110,
0208,
ff7c,
00cb,
00ed,
fc40,
ff0e,
00c6,
017b,
ff7d,
0303,
0136,
ff3c,
0301,
fe63,
0208,
0085,
0070,
0157,
fee5,
fea7,
00f7,
02e8,
fddb,
fc66,
0016,
0038,
0064,
ffb7,
0244,
ff22,
fd6e,
fe45,
ffac,
fee4,
0163,
fc7a,
024e,
02ed,
fcec,
000e,
02b2,
0189,
fbe8,
fff8,
fecd,
fecc,
0002,
fe9d,
01e1,
0135,
001e,
ffe6,
ff76,
007c,
01bb,
01c6,
015a,
00d1,
0150,
02a0,
fc83,
ffd6,
feff,
fceb,
009b,
031c,
fe38,
ff95,
002a,
0063,
fe43,
003e,
00cb,
00a1,
0075,
041a,
fd4d,
fd79,
fd92,
015e,
009c,
ffb8,
ff60,
00b8,
00e6,
00d9,
ffc3,
0190,
fda4,
0031,
0238,
0265,
fe92,
fd80,
ff79,
ffb4,
fdf1,
031b,
00ed,
0237,
03f2,
00b3,
fdd6,
fd1d,
0024,
fef7,
febb,
0120,
0027,
ffa4,
ff5e,
018a,
00f2,
01b6,
fed9,
fe83,
ff31,
016a,
014e,
fe38,
ff3d,
0057,
00dd,
008a,
fe67,
0090,
006f,
fee5,
0323,
036c,
0165,
00aa,
ff39,
00c9,
fc87,
fe78,
0149,
00d5,
ffd2,
0174,
0274,
00a8,
fead,
ff09,
00e9,
feb6,
ff80,
000c,
00c8,
01f4,
031f,
ffff,
0177,
0220,
fe7b,
fcec,
0143,
021e,
0038,
feac,
02fd,
0272,
02b7,
ff77,
fea6,
fd45,
0098,
013a,
019d,
ff59,
020b,
00f8,
fef6,
0129,
0013,
fe22,
00e6,
011e,
ff91,
00ec,
fe44,
fe02,
011f,
00ca,
01e8,
024e,
ff99,
0043,
fd04,
ff91,
0070,
01cb,
fe5f,
03de,
0254,
feed,
ffed,
041f,
feff,
fcf8,
0021,
fdbf,
fd7d,
fdb0,
fae3,
00c5,
0184,
0184,
fd4e,
fe77,
0017,
027f,
00fa,
ff18,
0036,
ffcc,
ffae,
ff78,
fda4,
fae3,
001b,
01a1,
0129,
00bf,
fedf,
fe0c,
0361,
0160,
fe72,
0004,
ff51,
002b,
ff95,
00ab,
ff83,
ff0c,
0105,
0096,
fecc,
fd17,
fdee,
ffe1,
0072,
ff76,
0134,
01ae,
fe76,
ffc3,
055d,
0128,
fecd,
039c,
ff02,
fe5a,
fe21,
00da,
02f2,
ff25,
0120,
ffce,
ffc0,
fd92,
fee3,
0167,
fce0,
fcf5,
feef,
ffda,
fff6,
fc28,
fe60,
021a,
fec2,
ff4a,
fe92,
fedc,
ffa9,
0010,
fefd,
0155,
0011,
0151,
0046,
fc7b,
ff4e,
ff06,
fef6,
fd73,
ff66,
ff79,
fee4,
fa8b,
ff77,
00a5,
ff54,
033f,
0121,
01a6,
ffb4,
fd81,
0027,
ff2e,
ffb8,
0049,
00cb,
0154,
ffe4,
fc61,
00d3,
02a3,
0295,
fdf4,
fddc,
ff29,
fe62,
fedf,
fe6d,
fe97,
ff7c,
fed1,
fdf8,
0136,
00d8,
fcf1,
fd64,
00c5,
ff76,
f9ac,
ff96,
fffb,
ff3f,
fe5b,
ff6c,
fea4,
ff53,
00ee,
fdde,
00ff,
004c,
00aa,
000b,
0349,
0073,
fbcb,
0165,
0163,
ff8f,
fd65,
fe39,
ff78,
01b2,
fe02,
fe9f,
00f4,
00ec,
0047,
fd59,
01e3,
00b6,
0050,
0173,
01fd,
feaf,
fe77,
ff39,
fc8f,
fe40,
fe54,
ff04,
fdaf,
ff0b,
ffb0,
ff57,
00bd,
00aa,
0440,
fe44,
fee7,
0238,
03b3,
ff81,
ff81,
ffd4,
0201,
ff0e,
0300,
01dd,
0087,
fff4,
ffae,
fe1f,
fe9e,
fdba,
fdae,
fde8,
fcb1,
0223,
ffb1,
ffea,
ff46,
0082,
ffca,
00a0,
fd3a,
ff49,
0079,
ffdd,
0104,
fbf5,
fed4,
01c5,
0314,
008a,
015e,
fe72,
ff40,
01f9,
02f3,
01f5,
fdd3,
01b7,
017b,
fef7,
0096,
fd07,
fc34,
fd16,
0168,
ffca,
01d3,
010d,
fd8a,
0138,
0171,
0097,
020c,
0105,
00ed,
000c,
005f,
feb1,
fafd,
fcb6,
fe36,
fe9b,
fe41,
0100,
00ae,
fd1f,
00fa,
030b,
017d,
fe84,
ffd8,
020d,
fff3,
ffd7,
0024,
fef4,
fd13,
fe75,
fe79,
feef,
0080,
0128,
011f,
ffc3,
fedf,
0044,
0138,
01e2,
026d,
fe5d,
0046,
01cc,
0348,
00a9,
0134,
0079,
fca4,
0287,
0121,
0087,
00e3,
02fc,
0183,
0100,
feaf,
ffde,
ff02,
ff52,
0060,
01f7,
0020,
ff98,
fec4,
01a0,
004f,
01a8,
fe25,
fdd5,
fcc1,
fff1,
00df,
fa7b,
00c3,
007c,
fe84,
fdfe,
0063,
ff7d,
017c,
ff51,
012d,
ffa4,
00b0,
fb3e,
fed0,
fe36,
0112,
01e1,
00fb,
ff6f,
ff3c,
0203,
0251,
fef4,
fd3d,
ff16,
00ec,
01cd,
0056,
0006,
ffd3,
fecc,
fee5,
00f4,
fd86,
ff28,
0411,
0095,
ff18,
fd37,
fd81,
00a0,
017a,
000c,
ffa0,
019c,
fef3,
ffc5,
ff06,
ff14,
fe11,
f8a6,
ffb4,
ffe8,
0187,
0169,
018e,
0053,
0035,
0026,
00c6,
ffad,
fed8,
0007,
ff83,
007a,
0039,
ffe8,
fe5e,
ff06,
ffe4,
feed,
0072,
00f6,
00d0,
ff98,
009c,
ff18,
fe47,
fe8d,
006f,
ff33,
ff52,
0106,
024c,
011e,
017a,
0060,
0015,
0075,
ff8c,
0171,
01dc,
fe3c,
feb8,
ffc8,
0080,
ff00,
fff8,
fd3f,
fecb,
020e,
00b7,
fee3,
fd88,
0011,
003e,
ff25,
ffca,
01ad,
ff57,
ff02,
fd78,
fdda,
fe81,
ffa6,
ffaf,
0037,
00fd,
01ab,
0043,
ffae,
01e4,
fdc3,
02bd,
ff70,
00c2,
ff81,
fc88,
009d,
fe1c,
fea9,
008a,
0067,
fe08,
0121,
014b,
ff59,
ffe1,
0173,
0144,
ff9d,
ffba,
fe88,
ffe7,
0117,
feaf,
010a,
0233,
0152,
ff6a,
ff50,
fef6,
ffa4,
fe0f,
fe71,
fe1b,
01c4,
01c5,
00f7,
ff3d,
0400,
02de,
ff99,
fe02,
ff9a,
ff34,
00de,
0142,
ffa6,
fde3,
ff93,
fd00,
ffe5,
ffce,
ff28,
ff02,
003b,
007d,
0211,
0277,
ffff,
012d,
01f7,
fe68,
ff3a,
000b,
ff86,
fd2c,
ff26,
ffcf,
fef3,
ff7f,
01fd,
00c4,
ffd4,
01a3,
00be,
feea,
ffce,
0033,
fdfa,
fe1b,
ff62,
00d7,
00b8,
01f5,
01ee,
fe24,
ff0f,
0016,
01ab,
027b,
00d3,
fe1e,
fe13,
fec6,
fea0,
ffbc,
ff74,
004b,
ff35,
0072,
004b,
0133,
fe39,
ffbe,
ffcf,
00ef,
fc1f,
fe03,
0045,
ff93,
017a,
00be,
007a,
ff10,
013e,
00bd,
fe80,
ffce,
ff01,
ff74,
fefd,
ff5a,
000d,
fe5e,
ff5f,
fff4,
ff7f,
0178,
00a7,
0057,
fe11,
fdc7,
0003,
01e1,
fe65,
ffeb,
ff5f,
ff5e,
0158,
029d,
ff4b,
fe5c,
ff36,
0015,
ff1f,
fec9,
fff4,
ff73,
0016,
fe0f,
00f1,
012b,
fe7b,
fe05,
ffd7,
0221,
0358,
00ae,
fe7c,
feeb,
fd51,
feea,
ff68,
ffcb,
fed8,
ffb7,
00bf,
0059,
ffcd,
ff76,
ffe0,
00cd,
ffdb,
0148,
01df,
ff0b,
005e,
00c2,
00ff,
fe51,
fda6,
fb9a,
ffde,
ff63,
fcc9,
00de,
fc70,
fc72,
feb3,
ffb4,
ff3d,
01db,
ff72,
ff47,
0118,
00cd,
0133,
0228,
ffcf,
fef2,
00aa,
fff0,
ffd7,
ff52,
0163,
00c8,
ffc0,
002e,
fecb,
0007,
0046,
fec1,
00ab,
01f3,
003f,
fe19,
ff03,
025e,
fd24,
fcc0,
fe57,
fedb,
fe86,
fe83,
fd7e,
fd3c,
fdaf,
fffb,
fff8,
0114,
fecd,
019e,
009f,
008f,
fe86,
ff71,
ffb1,
ff85,
00ca,
0107,
007f,
ff3b,
0298,
00a7,
0004,
ffa3,
ff37,
fe18,
fe48,
ffda,
ffde,
ff41,
0069,
020f,
ffb3,
000d,
fe57,
024c,
00fa,
ff9f,
fe7c,
fef5,
00e2,
009f,
fe82,
ffeb,
ff77,
ff45,
fe81,
febb,
0134,
ff96,
ff1a,
febe,
fe22,
ff8f,
003a,
00dc,
fe82,
fdf8,
ffa4,
00e8,
00fd,
ff4f,
004e,
ff2c,
004c,
00fe,
ffc2,
00cb,
02fc,
ffc2,
00e9,
ff1a,
fef4,
fdeb,
003c,
fdef,
ff4b,
0058,
fdbc,
fd7a,
ffd4,
ff32,
ff1f,
ff56,
0135,
007a,
fff8,
00ab,
00ff,
01f7,
015e,
01cf,
fe21,
feb9,
ffa1,
ff3a,
0109,
ff1d,
0003,
fd87,
0066,
00fc,
00b9,
0132,
0074,
008e,
0053,
0286,
feb3,
ff7d,
fef4,
0028,
ffa9,
0176,
0021,
ff84,
01a9,
00b9,
ff89,
fd96,
ffc5,
ff9c,
fe3d,
ff52,
00d5,
0225,
febc,
fe88,
0059,
ff0a,
0015,
00e3,
022e,
ff82,
ffd8,
0104,
02c6,
fff2,
fca5,
f9c3,
fe16,
004b,
013a,
0161,
fcdf,
ff03,
01a0,
ff49,
ff14,
ffe7,
0146,
0223,
00e1,
0248,
0172,
0088,
0052,
01a9,
00d6,
fc23,
00e8,
fe17,
fd19,
fd5f,
fe8a,
0018,
fe80,
fdce,
fe6a,
01b5,
fffb,
0120,
ff7c,
fef6,
ffc7,
0049,
028f,
01db,
ff8a,
00b0,
0018,
021e,
00a0,
01fd,
ff1f,
ff9d,
fe6b,
ffa4,
ff56,
000c,
fe6d,
005e,
00fe,
fd65,
fdf7,
0099,
0082,
0022,
02a8,
0331,
001e,
fed1,
00ba,
ffce,
fea1,
ff1f,
0039,
ff35,
ff18,
ff10,
ff97,
fdad,
00ce,
fdbb,
0015,
fede,
fe49,
ffc9,
055b,
0211,
fdfd,
0128,
ffd2,
0281,
fce2,
fecc,
0083,
013a,
0118,
fe36,
fcf7,
fc4e,
0201,
fff2,
ff62,
ffd4,
0034,
fead,
ff09,
ff14,
017e,
ff20,
fefc,
fe98,
023c,
0091,
ff80,
fb43,
ffbf,
009b,
ffa4,
fd6f,
fe45,
0122,
0196,
005d,
ffe3,
002b,
0030,
00f7,
fedd,
0007,
fd17,
fe0c,
01db,
01ff,
005e,
fe52,
fea1,
fee9,
008d,
01d8,
ffa5,
ff07,
ffdc,
0127,
0029,
00b7,
0095,
01df,
009d,
026e,
02df,
00f4,
01bc,
00a3,
fffb,
ff4c,
01a7,
00c0,
ff6b,
fe80,
0212,
014c,
02c5,
0058,
005b,
ffa1,
022f,
fe25,
ffc8,
fe28,
ff2d,
ff55,
0013,
fe1f,
fc9c,
ffbe,
027f,
0015,
018d,
feba,
02b2,
ff20,
ffab,
fdd3,
fe5c,
fe68,
0244,
fff0,
ffc5,
01ad,
0153,
0041,
ff05,
ffc3,
fc7f,
0155,
01aa,
febb,
fc5b,
fe49,
fea6,
ff46,
ff5d,
0233,
fed9,
fe60,
fff9,
02fb,
0076,
000c,
fe0b,
fda1,
02c6,
ff98,
fee1,
fd11,
fc3f,
fec7,
fe8d,
0437,
fd91,
fff2,
0088,
059d,
0023,
fe77,
fffc,
fe04,
007a,
0168,
ff22,
ff9c,
fff3,
ff67,
00f8,
0160,
ffe1,
0280,
fda3,
fe66,
02b5,
0126,
0266,
02e0,
0091,
025c,
0235,
0139,
feb1,
00ee,
ffa8,
feea,
ff43,
01a0,
ffa3,
fded,
0180,
0365,
01a2,
ffd5,
fd0c,
fd5c,
00db,
01c1,
0039,
0110,
ffe9,
ff91,
011d,
002c,
0055,
0138,
01cf,
ffcb,
012c,
0100,
fd89,
fe8b,
ffe3,
ff1d,
ff57,
fff6,
ff29,
ff0b,
ff57,
ff33,
01a0,
fd1e,
fdbb,
fe6b,
003e,
ff52,
ff04,
fe7e,
ff6e,
fef3,
fefe,
fd85,
ff1d,
fd5e,
02e6,
fe36,
ffe0,
0030,
fda1,
ff31,
0128,
027f,
ffd7,
017b,
00ea,
0101,
0065,
fe5e,
fdf4,
006a,
ff61,
0072,
00a4,
009e,
01d9,
012e,
016f,
fe57,
032d,
febc,
febf,
00db,
ff42,
ff41,
009f,
fe3e,
fdc6,
fe22,
011e,
01f8,
012a,
ffc1,
01a0,
ff58,
0214,
000b,
ff1c,
feb4,
001a,
0105,
ff83,
0067,
0226,
ffd6,
000f,
ff15,
00b3,
00cb,
00dc,
fd3f,
ff8c,
fea1,
ffca,
0072,
fd93,
00d9,
002b,
fd8b,
00d9,
ffbf,
ffa0,
fd0f,
0127,
ff61,
ff1e,
ff6b,
00d1,
0068,
0109,
fe7e,
ffa5,
0055,
fe32,
febf,
ff5e,
fdd3,
fffb,
0109,
0145,
012b,
fe86,
fe60,
0011,
002a,
fee1,
fe26,
fdd7,
fe97,
0076,
003a,
fd8a,
0031,
00e1,
0189,
ff1f,
fee8,
ffc8,
ff2c,
ffc6,
00d7,
ff7c,
fd30,
fe4b,
fdbf,
00d1,
0176,
fec1,
00a9,
fc93,
014c,
0034,
01b9,
ffab,
ffbe,
ff88,
0007,
ff55,
02f3,
ff13,
ff94,
0058,
01e7,
018d,
0181,
011a,
ffb1,
ffb0,
0189,
fddd,
fed9,
0009,
ffdd,
fe9d,
0116,
03b6,
fe75,
fd0f,
fcd4,
0019,
ff27,
fe72,
ff28,
ffc6,
0054,
0170,
0154,
0187,
02b1,
0040,
ffef,
ff90,
0158,
0156,
0191,
0263,
01e6,
007a,
fd24,
00c5,
00d1,
00ce,
fe75,
ffe9,
ff17,
ffcf,
00fd,
ffb6,
02df,
018e,
008f,
01e5,
0222,
011f,
00c0,
fe64,
0027,
ff02,
fe11,
004b,
0190,
ffee,
003f,
fec3,
fc34,
01e9,
00e1,
fabc,
02c2,
01fc,
00b2,
0042,
0135,
016b,
fee6,
fdd5,
fe30,
0141,
ff74,
f96e,
0086,
0119,
026e,
ff25,
ff58,
0001,
fe66,
00c1,
ffcb,
ff19,
fed8,
ffe6,
ffdb,
017c,
011e,
02c9,
ff45,
ff46,
fce6,
ffd8,
005c,
01bd,
012e,
ffd1,
fff3,
0268,
00ef,
0166,
ff75,
029f,
0070,
fef4,
fe73,
fef6,
fe1a,
00d1,
ff27,
fe85,
ff9f,
ffeb,
ffd2,
ff49,
02cb,
fbfa,
fef9,
ff5d,
0174,
fbcf,
fca5,
fd29,
0199,
01a5,
00d5,
ff92,
ff98,
fce0,
ff3c,
feb0,
ff07,
0117,
0027,
ffe2,
ff39,
fff3,
00b5,
fd7d,
fe1a,
fd82,
003f,
0134,
00a0,
ffa4,
ff8b,
005c,
fd38,
00f2,
fe0a,
fe62,
0052,
00fe,
ffa5,
fda3,
fbf4,
fe56,
0023,
fedd,
fea8,
ff31,
002f,
019d,
0429,
0197,
fe64,
fe11,
ff4c,
0089,
013d,
0191,
0033,
001b,
0003,
fe5e,
fe48,
ff06,
00c6,
ff80,
ff73,
007b,
ffca,
ff90,
ff4a,
fb59,
fe76,
fce4,
fdf9,
0220,
00d3,
0105,
ffc0,
00e8,
ff3f,
ffe8,
0140,
fd3f,
002e,
0267,
036e,
00ae,
00c2,
0073,
ffe0,
fea3,
ff08,
ff02,
ffbd,
0008,
019d,
fde3,
fff2,
0050,
fe01,
fe8a,
021b,
021f,
feb8,
fe6b,
fd4b,
feb6,
012e,
0073,
0209,
fea7,
00ed,
ffea,
fe53,
ffb6,
fefb,
0092,
ff0a,
fcda,
ff1b,
ff71,
0089,
fddd,
fff6,
00c1,
0089,
ff18,
00d0,
0097,
ffb5,
00d5,
fde1,
ffa4,
0055,
fc31,
ff05,
012e,
003f,
ff27,
ffef,
0130,
009a,
ff1f,
0109,
ff03,
ff54,
0004,
002b,
ff6d,
025b,
024b,
00de,
008f,
0115,
01b2,
0099,
ffb6,
ff52,
ff2b,
00eb,
ffc4,
00d2,
0230,
030d,
0099,
fe4f,
001a,
ffba,
ff5d,
0262,
011a,
00e3,
00d0,
fe7e,
0024,
ffd6,
ffcb,
feee,
00d2,
0092,
01a7,
02bc,
0222,
019a,
ffc4,
fec2,
ff1e,
ff60,
005a,
0046,
ff1c,
ff2c,
fe4b,
fe96,
0249,
030e,
0052,
0166,
fcf6,
ffd3,
011e,
0260,
fc09,
01b9,
02cc,
00e1,
013a,
0235,
0332,
0019,
ff2f,
0060,
040b,
fed6,
00e1,
0072,
00a7,
0017,
00e1,
ff24,
ff3d,
ffc0,
ff24,
ffc1,
fea5,
ff6e,
ffbc,
ffc2,
ff3b,
fed3,
ff99,
ffb7,
ff45,
ffe6,
fee2,
ff43,
fef1,
ff10,
ffb8,
0064,
0051,
ff2c,
0050,
0013,
00a7,
ff0b,
ff51,
fff3,
ff4e,
00b8,
fee8,
ff9e,
ff1e,
ffce,
ff92,
0072,
00c3,
006a,
ff55,
ff51,
009f,
ff91,
ffe5,
ff1e,
00a4,
ffe0,
00b8,
0065,
fec8,
0052,
ff35,
00a5,
0012,
0072,
0084,
fff0,
00a0,
ffbc,
00a1,
0081,
005b,
0003,
00ad,
ffce,
fefe,
ffc1,
00d7,
ffc9,
0052,
ff8d,
ffde,
ff35,
ff84,
0075,
fff7,
ffb8,
ffd8,
0083,
ff4a,
008c,
feea,
ff0b,
fea2,
ffe0,
0097,
ff01,
fe4f,
ffe4,
ff53,
008d,
00a4,
ff51,
ff14,
0011,
ff97,
fff6,
006e,
ff1c,
ff65,
0056,
ffff,
fffd,
fedb,
0002,
ffc4,
ff6a,
fef0,
ff1e,
ff87,
ff06,
ff17,
0086,
00a8,
ffac,
0071,
0036,
ff8e,
0003,
ff53,
ffd9,
ffb3,
0041,
000a,
ff8b,
fefb,
0033,
ff12,
0073,
ff7d,
009b,
0015,
0062,
ff08,
fff1,
fecb,
feaf,
ff01,
ffd5,
0010,
00a3,
00b6,
ffca,
ffbe,
ff08,
00a2,
ffed,
ff33,
fedc,
00b1,
000b,
00ab,
0041,
ffd0,
003a,
ffef,
ff17,
0006,
00bc,
ff5f,
ff8e,
00cc,
fffb,
ffcb,
ff33,
ffd3,
ffe4,
ffb3,
ff49,
ffad,
ffd2,
ff4a,
ffd8,
ff22,
ff90,
ffbf,
0090,
ff29,
ffb0,
00e7,
feb9,
fd81,
005e,
fef0,
ffc0,
ff35,
0065,
0003,
fff0,
fee9,
ff92,
ff93,
ffdc,
ff75,
002f,
00d0,
ff89,
ff69,
fef9,
ff2a,
002d,
fffb,
ffae,
ff77,
ffa2,
ff3d,
ffc6,
ff4e,
fefc,
0092,
0021,
ff8c,
ffb6,
0028,
007b,
ff8e,
ffa7,
ff6d,
ff8a,
008c,
007e,
ffdc,
00bf,
ffcd,
ff9e,
ff16,
ff86,
ff28,
00d5,
ff41,
ffe0,
ffe4,
0011,
0059,
0001,
00a3,
00aa,
ff17,
fefd,
ff30,
ffea,
ff35,
ff69,
007f,
ff69,
00be,
ff92,
ff8c,
007c,
fef6,
0039,
fdad,
fe71,
fecb,
fd26,
fd9a,
ffb1,
ffc2,
00eb,
fff8,
01aa,
0351,
ffab,
001b,
0047,
0131,
ff41,
feeb,
00fc,
02da,
00d2,
01ee,
0236,
003c,
ffc1,
01ac,
00a8,
004d,
008e,
feef,
feab,
ffb1,
00b8,
ff3a,
ff9d,
01cf,
0192,
fe83,
019d,
00fd,
021b,
ff8f,
00e3,
0043,
01a5,
0052,
0114,
fe80,
01e0,
0113,
00fb,
ffca,
fe57,
0074,
01c7,
0073,
fb57,
fe86,
fe1d,
008f,
fd2a,
ffaa,
0085,
fe1e,
fcdb,
0090,
0136,
fcec,
fd1b,
01de,
fdcf,
fef4,
0310,
0045,
ff52,
feb1,
02eb,
0074,
ff50,
0066,
ffb2,
026d,
0308,
0070,
fcf6,
00c6,
0216,
fdd0,
fcfa,
0109,
fedd,
fdc7,
fd49,
fe9c,
fc7b,
fe03,
fe7b,
fdc3,
0135,
01ed,
0374,
ff2f,
ff10,
0033,
009c,
00f4,
00f2,
004e,
ff44,
004e,
001c,
0061,
fdb3,
ff3f,
ff52,
fd96,
0033,
ff20,
ffed,
fedb,
0021,
00ca,
ffdf,
ff73,
fe2b,
fef0,
0133,
0033,
006f,
fd25,
ffda,
0200,
03a1,
ff86,
0127,
0193,
018c,
ff35,
0088,
0145,
016e,
001c,
006c,
fee2,
ff27,
0126,
fe64,
00f0,
ff90,
ffea,
ffa9,
fe44,
ffa8,
0274,
fea3,
ffd3,
0057,
ffd9,
ffb1,
ff41,
0011,
025f,
febe,
fd71,
fb20,
00b4,
fff1,
fe00,
ffcd,
0161,
fe14,
fdf2,
fdb0,
002e,
fe1e,
feaa,
fe61,
ff8c,
fe29,
0030,
0131,
0192,
001e,
ff45,
01b7,
ffce,
fe9e,
006d,
010c,
0033,
ff12,
ffd7,
ff49,
ff99,
ffef,
fe0b,
ff52,
0031,
0076,
fef8,
ff7f,
009f,
ffc8,
00c2,
feae,
00fc,
012c,
fe5f,
fc6b,
ff76,
008d,
0019,
00aa,
ff9f,
ff83,
fe63,
0003,
ff7e,
013e,
fdfc,
fff9,
ff68,
000e,
ff32,
fe18,
0130,
0219,
0182,
010d,
022f,
009b,
ff45,
0210,
00d2,
00bb,
fe1f,
febc,
ffa1,
fe11,
ff97,
fe74,
fd12,
ff7f,
fe2f,
fd03,
fed4,
feaa,
fd2a,
00db,
ff2e,
0151,
0134,
01ab,
003b,
0105,
017d,
0141,
fe28,
00da,
00a6,
ff2e,
01aa,
010e,
ffea,
fecd,
0050,
0157,
001f,
fe69,
ff40,
ffac,
0145,
0145,
0070,
00ae,
00de,
0090,
0084,
02a2,
ff44,
00dc,
0484,
00f2,
ff8f,
ff39,
024c,
024d,
000f,
ff68,
ffa6,
017a,
fffd,
ffec,
0100,
0071,
ffd7,
fec9,
026f,
011b,
ffd4,
0292,
fa1d,
fed3,
03b7,
ff8d,
fef4,
00b6,
fe35,
ff58,
fea0,
0053,
00ba,
fead,
f80f,
ff34,
ff3a,
ffbd,
0049,
0373,
fe2f,
ff1f,
01db,
fe43,
016f,
00c1,
00d3,
ff92,
0187,
fe16,
0255,
00c4,
00ea,
fcff,
0029,
ffe4,
fe0c,
03f0,
026c,
002a,
fbc7,
0173,
0116,
fe3b,
ff79,
023c,
0162,
ff9c,
02ca,
ff3e,
0411,
001b,
fbf4,
ff86,
ff08,
ff4e,
ffb1,
018c,
0058,
012f,
01cc,
023f,
fef9,
ff04,
005c,
011b,
0093,
feb8,
ff8f,
018a,
ffaf,
0098,
0019,
ffbb,
01f8,
0028,
ff93,
0078,
003e,
fe22,
ffe1,
02a2,
ff71,
ffff,
0101,
0349,
fe78,
ffad,
006c,
0091,
004a,
0063,
0160,
0291,
ffa9,
fe6a,
ff82,
02d7,
fca7,
fe89,
ff64,
0355,
00bd,
fe7d,
ff8a,
0268,
fff3,
0048,
007f,
ff2f,
03f8,
001f,
0085,
fd5f,
010f,
ff8c,
fe50,
fe9d,
0211,
ffff,
ffbe,
ffe8,
025c,
00cd,
fe85,
02ee,
00bb,
ff99,
ff75,
fd8d,
0104,
fd40,
fd2a,
0126,
fedc,
fe51,
01e0,
002e,
0349,
fff1,
ff2f,
fe7d,
007e,
ffbf,
ff3f,
ffa3,
009a,
01c0,
ff67,
0254,
019a,
fff1,
fcc4,
ffeb,
ff93,
ff10,
fd81,
01d8,
0091,
fec1,
fe11,
ff4a,
028b,
014b,
fd78,
0003,
fdb9,
015d,
ffea,
fe9a,
01c0,
00ab,
fe1f,
0188,
fd0c,
fe63,
fe91,
025e,
0097,
ff35,
011f,
03c9,
0194,
0008,
ff94,
ffa9,
0073,
0036,
ff76,
fe60,
fdab,
fef3,
fdd5,
0081,
0121,
02cb,
fe83,
0283,
ff61,
000c,
fef0,
ff7c,
ff8c,
01b9,
0163,
0015,
0077,
0458,
00ed,
ff2c,
010a,
0143,
00e9,
fd64,
0138,
fd7c,
fc98,
fabe,
0236,
0291,
fffa,
0085,
00c6,
ff7b,
00a4,
007f,
008d,
ffb1,
ffd1,
01c3,
0035,
0208,
00cc,
ff2d,
0114,
0210,
ffb8,
005b,
00b6,
00dd,
fdf3,
ff1e,
0051,
0124,
00b8,
00af,
ffa8,
01fa,
02fd,
01b2,
ff0f,
0266,
000b,
01af,
0199,
016e,
ff6a,
01af,
0252,
ffa6,
ff02,
fdfe,
0364,
0366,
0243,
005f,
01d3,
ffce,
0194,
ff67,
0164,
ff1b,
fff0,
0023,
ff9b,
0179,
018b,
01be,
015e,
feb8,
fd66,
fc2e,
01a2,
001c,
fdd5,
ff02,
fe00,
ff60,
fe96,
00cf,
fe3b,
014d,
004d,
ff8c,
01ee,
02b5,
022a,
fee5,
007e,
fff1,
00ee,
01e4,
fe4d,
0127,
00fc,
ff8f,
fe74,
012e,
0114,
fefd,
ff2a,
0159,
ff82,
0087,
016d,
00fb,
010e,
00be,
ff37,
ff58,
ff86,
fd5b,
004d,
007e,
0186,
009a,
02b3,
0078,
fefc,
020b,
00b3,
000a,
fd99,
fe0a,
02ab,
01ac,
0042,
ff27,
00e2,
025b,
006d,
0196,
fe07,
0008,
00a8,
0357,
00f8,
fe0e,
ffe6,
00da,
02a4,
0001,
0068,
00ce,
01ea,
01a2,
ffc7,
fd1d,
fff2,
0006,
fed5,
0059,
0091,
0088,
fe54,
fc98,
018d,
ff21,
febf,
0005,
fef3,
ffa6,
011f,
ffc9,
00bf,
014f,
0107,
fc9a,
01cc,
01e8,
fe65,
fb5f,
003c,
004e,
ffec,
016e,
004d,
0159,
02b0,
00bf,
000c,
ff47,
fd91,
ff2e,
0044,
016b,
000e,
fe81,
0182,
0195,
ff81,
ff8c,
01ce,
0219,
0154,
ffaa,
0027,
ff04,
0107,
fee1,
00b4,
fd82,
0160,
01cc,
00d6,
fe70,
0192,
00b0,
fe23,
ff81,
feaf,
00f4,
008b,
ffc0,
fef2,
fb9b,
01db,
ffda,
fd44,
fe8d,
0036,
fe0a,
0273,
ff8c,
0184,
000b,
ff00,
025b,
0134,
02fb,
00f6,
003d,
02c5,
00b2,
00e0,
012c,
0259,
fe56,
ff0d,
006a,
00cf,
fd76,
ffd7,
025e,
fdff,
ff91,
facd,
fa88,
0088,
0147,
fa06,
fc58,
005a,
feb5,
fe01,
ffc3,
009b,
fd9a,
ff15,
ffa7,
0013,
ff5b,
0013,
fe6b,
fed3,
fee9,
ffaf,
fef8,
fe8c,
0085,
001b,
ffe3,
fe57,
ff42,
ffd8,
ff6a,
ffd8,
0063,
fe8f,
ff98,
ff62,
fe6e,
00a4,
ff84,
ff9f,
004c,
fe45,
febf,
ff79,
ffd1,
ff59,
feaf,
ff56,
fee7,
ff5c,
0004,
fe34,
fe47,
0082,
00e0,
002d,
fed9,
fe0a,
fea0,
ffeb,
ff31,
fe7f,
ff73,
ff07,
ffc1,
ffb9,
ffb0,
fee0,
ffdc,
ff26,
fe9d,
fec1,
fea4,
ff67,
ff67,
0004,
fedf,
ff91,
ff59,
ff9d,
ff8c,
ffc8,
0045,
ff9a,
ff4e,
ffd2,
ff76,
ff44,
ff90,
ff43,
00c5,
ff20,
00a9,
ffc1,
009c,
fe99,
004d,
fe50,
003b,
fef3,
ffc2,
ffe4,
ff5f,
fefe,
005f,
ff34,
ff75,
ffa2,
feeb,
ff57,
ff0f,
fea8,
fffa,
0030,
fedd,
0049,
fff1,
ffca,
fe3d,
ff3e,
ffb1,
0048,
ff3b,
fed1,
fef8,
ffa0,
0011,
ff2c,
ffc2,
feda,
fffb,
ff58,
fe9b,
0046,
0002,
fe26,
fe82,
ff3b,
ff6c,
fe82,
fff6,
febc,
fec3,
0020,
0092,
fea5,
ff16,
ff7a,
ff7e,
fed5,
ff46,
0065,
ff81,
fed3,
feb1,
0058,
ff88,
0059,
fef4,
0086,
00a3,
ff53,
fec7,
fe9c,
ff34,
fe35,
fedc,
ff9a,
ffba,
ffd0,
ff82,
ff81,
feb9,
fe9b,
002b,
fe75,
ff62,
ffeb,
ff4e,
fec0,
fef6,
fed5,
ffa3,
fea2,
fec8,
fece,
ff98,
fecf,
ffa3,
0037,
ff94,
ff19,
ff69,
ffb7,
ff33,
fe94,
ff8d,
ffe5,
ff4c,
ff12,
ff6f,
fede,
ffb8,
0077,
ffa2,
ffad,
ffd4,
ff07,
0031,
ffc2,
fe39,
0093,
fefd,
fff2,
fff0,
ff0d,
ffc5,
fed3,
ff19,
fe91,
005d,
fed7,
ff2c,
ff3d,
ffbe,
fe85,
fe7f,
ff81,
ffb8,
ff97,
0035,
ffa0,
0022,
ff2a,
fe91,
fe3b,
fe94,
ffd1,
fea5,
fef0,
ffce,
ff0a,
fef0,
0006,
ff9d,
0018,
feec,
002e,
ffdc,
ff18,
ff33,
ffcd,
fffb,
005f,
0070,
fe07,
ff6c,
ff13,
fe81,
0029,
0014,
feff,
feaf,
005c,
ffb7,
ff6e,
ff6e,
ffa5,
feba,
0039,
ffa1,
fdb7,
ff1f,
004b,
0244,
fe46,
fcf0,
ff31,
00c2,
010e,
fe9d,
fe57,
fe4d,
039b,
01af,
ffd6,
fded,
009d,
0175,
0062,
003b,
fff6,
feb9,
01ef,
02da,
fbea,
fe90,
02d9,
ffd1,
fe3e,
feed,
0146,
010e,
00b0,
012b,
00d0,
ff25,
fec6,
ff1d,
fe2f,
fdbd,
fe2b,
fefd,
ff15,
ffb6,
0320,
0471,
ff5a,
003c,
fdaa,
f9db,
fee9,
ff89,
025c,
0034,
fe41,
ff15,
05f6,
0027,
0335,
fffb,
006a,
fc11,
ff9d,
ffa5,
ffbb,
010c,
fef8,
0016,
ff38,
ff22,
00d0,
005b,
ffde,
fe15,
fefd,
0131,
009b,
feae,
ff90,
0048,
fecc,
0062,
00eb,
ff25,
fee6,
ffc2,
ff80,
ff33,
0030,
0022,
fd57,
0133,
fca8,
fe40,
0232,
ff57,
fe30,
ff15,
001c,
007d,
ff8b,
fee9,
0090,
ffa5,
ff84,
001f,
00a1,
ff1c,
025e,
00af,
ffad,
fde2,
ff7c,
fe41,
0085,
0081,
ff96,
0002,
ffe6,
fe03,
020f,
001c,
fffe,
fba7,
02d5,
01e3,
00dd,
fb44,
fecd,
ffb9,
ff0b,
fea3,
fe80,
006c,
0166,
ff37,
fef6,
009b,
fddc,
fcf1,
01b3,
0230,
fe9c,
fdb6,
0022,
02b8,
0024,
fdc6,
0005,
fe5e,
022f,
01a8,
fcf5,
fed6,
0205,
0327,
0045,
000c,
00c9,
ffaa,
fd7b,
0116,
0089,
0326,
fe80,
fe10,
0074,
fea4,
0234,
016b,
ff0a,
00f9,
003a,
00a2,
0154,
00ed,
ffbc,
ff4a,
ffb7,
00c7,
fd7e,
fe84,
fffb,
0263,
0084,
fe7f,
01c0,
0066,
01aa,
0192,
ffae,
ff8f,
fd5c,
ff9d,
00ed,
ff9e,
ff1e,
020b,
0094,
0015,
ffae,
0214,
fe9a,
fe6c,
0028,
fd5a,
fe6e,
fe97,
0004,
fe94,
00a8,
0174,
fe81,
0024,
ff47,
fe55,
ff7e,
01ef,
0010,
fec0,
01d1,
0021,
fd7f,
fe68,
fdee,
fe15,
ff94,
fed8,
ff3d,
001c,
ff5c,
0160,
ffb1,
010b,
02ff,
006c,
ff2e,
fee0,
0054,
fe18,
00e1,
011e,
01b1,
02bb,
0114,
feee,
027c,
02ee,
ff83,
fdda,
0045,
00d7,
feaa,
0198,
0267,
014b;